,state_position_0,state_velocity_0,action_0,state_delta_position_0,state_delta_velocity_0,state_position_1,state_velocity_1,action_1,state_delta_position_1,state_delta_velocity_1,state_position_2,state_velocity_2,action_2,state_delta_position_2,state_delta_velocity_2,state_position_3,state_velocity_3,action_3,state_delta_position_3,state_delta_velocity_3,state_position_4,state_velocity_4,action_4,state_delta_position_4,state_delta_velocity_4,state_position_5,state_velocity_5,action_5,state_delta_position_5,state_delta_velocity_5,state_position_6,state_velocity_6,action_6,state_delta_position_6,state_delta_velocity_6,rollout
0,4.96976216e-05,0.0,65.10853,0.006796210818244673,0.39775581797565546,-0.18499601,0.0,66.33937,0.007663883719556397,0.4824919668875416,-4.63546468e-05,0.0,9.327739,-0.0023144270428334156,-0.056324530561072936,-2.08528506,0.0,83.44695,0.011150048937479617,0.6737250637057507,-8.95942123e-06,0.0,3.9014134,0.0004659370677823357,0.03313613227090206,1.90028276,0.0,4.3795304,1.3281968596956517e-05,0.03467995853992434,0.785404067,0.0,3.9717896,0.0009917341713749916,0.04441336632096729,0
1,0.006845908439844673,0.39775581797565546,-64.04289,-0.006380416752907467,-0.7794358284049213,-0.1773321262804436,0.4824919668875416,86.17889,0.010072621082322986,0.06380325598110181,-0.0023607816896334156,-0.056324530561072936,26.822634,0.00819386017110213,0.4096102479904613,-2.0741350110625203,0.6737250637057507,46.8092,0.010277172577320748,-0.21595340906579685,0.0004569776465523357,0.03313613227090206,-2.5639715,-0.00016818134557740924,-0.05358384419277219,1.900296041968597,0.03467995853992434,1.2454896,0.0008253271268761075,-0.00580891799482966,0.786395801171375,0.04441336632096729,-0.46685442,-0.00043712859733469056,-0.06124379181293991,0
2,0.00046549168693720607,-0.38168001042926586,-47.68899,-0.004691261108228198,0.10258806020280226,-0.1672595051981206,0.5462952228686434,6.7904496,0.0047385045475855925,-0.40337702324534885,0.005833078481468714,0.35328571742938836,-11.592716,0.0013195721941920294,-0.3398349290070825,-2.0638578384851995,0.45777165463995384,8.488005,0.0019155539095230267,-0.43222559869071153,0.0002887963009749265,-0.02044771192187013,-5.2324796,-0.000856050103934129,-0.02342487329843579,1.9011213690954731,0.02887104054509468,-11.319394,-0.001384949402012392,-0.1256676642531639,0.7859586725740403,-0.01683042549197262,6.3349643,0.0006532912854776418,0.0561247235840805,0
3,-0.0042257694212909916,-0.2790919502264636,-37.0696,-0.007851442625085962,-0.08446170289481447,-0.162521000650535,0.14291819962329455,-39.90818,-0.0009215752971473701,-0.27859307141520956,0.0071526506756607435,0.013450788422305874,40.668808,0.004307773793863978,0.23510062301883583,-2.0619422845756765,0.025546055949242325,10.214413,-0.0008911112509677466,-0.05068186001179839,-0.0005672538029592026,-0.04387258522030592,3.2152445,0.0004117234220368658,0.06782521999446744,1.8997364196934607,-0.0967966237080692,3.886356,3.6794683275998e-05,0.10508474739330013,0.7866119638595179,0.03929429809210788,8.113574,0.0013989606939284194,0.03204808848515177,0
4,-0.012077212046376953,-0.3635536531212781,-6.276417,-0.0019513378443488764,0.2832252177657348,-0.16344257594768238,-0.135674871791915,39.19706,0.00015891853613844709,0.2346426230538839,0.011460424469524721,0.2485514114411417,10.958069,0.0007703951396530184,-0.19535654129442026,-2.0628333958266443,-0.02513580406255607,-39.26986,-0.002585220541769573,-0.15577593197367368,-0.00015553038092233677,0.02395263477416152,-3.1665683,-0.0003021575400675051,-0.04488627348256688,1.8997732143767367,0.008288123685230932,10.882749,0.002371522088778555,0.10617047307107033,0.7880109245534463,0.07134238657725965,-11.561235,-0.0015126255372962527,-0.1592458199473607,0
5,-0.01402854989072583,-0.08032843535554329,54.87002,0.0024423537173982896,0.30099379394764925,-0.16328365741154394,0.09896775126196888,-33.256096,-0.001699625583111597,-0.25474043442943256,0.01223081960917774,0.05319487014672145,65.11557,0.003619919901664482,0.23230481540907214,-2.065418616368414,-0.18091173603622976,-34.827747,-0.006145989227980486,-0.14768372384214226,-0.00045768792098984187,-0.020933638708405356,11.744048,0.0017586338551700696,0.11731017444097773,1.9021447364655153,0.11445859675630127,-8.335899,-0.0011796857047077225,-0.19116916796911163,0.7864982990161501,-0.08790343337010105,-6.6828346,-0.0005366162317201884,0.05779273883846445,0
6,-0.01158619617332754,0.22066535859210593,-77.42038,-0.0057311316075920014,-0.6125564817535122,-0.16498328299465553,-0.15577268316746368,12.0444145,-0.002439409939402698,0.08523096747289233,0.015850739510842222,0.2854996855557936,10.854184,0.008598601075360878,0.03896381994239373,-2.0715646055963943,-0.328595459878372,-84.06759,-0.010134193480364484,-0.2402920494239198,0.0013009459341802277,0.09637653573257238,-11.057514,-0.0014526791083538642,-0.18605492169342588,1.9009650507608076,-0.07671057121281036,-6.6333494,-0.0004040035736245784,0.04603948141196064,0.7859616827844299,-0.030110694531636603,3.8737025,-5.676423077272119e-05,0.03723695733133815,0
7,-0.01731732778091954,-0.3918911231614063,-5.0435295,0.001821113130416413,0.44499232542905015,-0.16742269293405823,-0.07054171569457135,-6.400706,0.0003415578896695526,0.08736084837842782,0.0244493405862031,0.3244635054981873,-50.810715,-0.00501602807067238,-0.6266891415119062,-2.081698799076759,-0.5688875093022918,-25.639814,-0.006486344915560771,0.3124548380431168,-0.00015173317417363648,-0.08967838596085351,0.8590181,-0.00025180186363249105,0.09269397073229402,1.900561047187183,-0.03067108980084972,0.41781476,-0.0005205007549649032,0.021810755474200354,0.7859049185536572,0.007126262799701549,9.0664625,0.001132034565163198,0.05448762052916684,0
8,-0.015496214650503128,0.05310120226764386,-21.575779,-0.0001397541183688726,-0.11321915489759492,-0.16708113504438868,0.016819132683856475,-36.30172,-0.003547921352039851,-0.2534179184685146,0.01943331251553072,-0.3022256360137189,-77.34705,-0.00867794570848652,-0.19081106147732818,-2.0881851439923196,-0.256432671259175,-62.325447,-0.009536632496753406,-0.2628351027551913,-0.00040353503780612754,0.003015584771440504,-0.89639074,-0.00013044921887062354,-0.013660045777677375,1.900040546432218,-0.008860334326649363,-11.035233,-0.0014969206498025578,-0.0828732189931767,0.7870369531188204,0.06161388332886839,-4.044736,-0.0008806584162882602,-0.10615421152023824,0
9,-0.015635968768872,-0.06011795262995106,55.291588,0.004565186072649087,0.35743532813071427,-0.17062905639642853,-0.2365987857846581,60.457394,0.004122167784642028,0.5814794360604932,0.0107553668070442,-0.49303669749104706,-38.730103,-0.010641657950021283,0.0333343322082405,-2.097721776489073,-0.5192677740143663,-0.28657225,-0.0005970124738929883,0.5819983551554221,-0.0005339842566767511,-0.010644461006236871,-0.56147575,-8.777432292900005e-05,0.011799530355936288,1.8985436257824155,-0.09173355331982606,6.3656125,0.0005342259380543002,0.15383855053867512,0.7861562947025321,-0.04454032819136985,-10.565906,-0.0011669559321224598,-0.023768601870459614,0
10,-0.011070782696222914,0.2973173755007632,-50.020325,-0.007471945061586244,-0.6809371028806714,-0.1665068886117865,0.34488065027583514,84.50981,0.009263857738225939,0.18537014437304733,0.00011370885702291587,-0.45970236528280656,17.144783,0.0029979000632519423,0.610963410673194,-2.098318788962966,0.06273058114105577,-7.5845013,0.0010957772737301141,-0.03493929190756122,-0.0006217585796057511,0.0011550693496994164,-2.3574796,-0.00019519001054103607,-0.01819899624706947,1.8990778517204698,0.06210499721884907,-0.4536732,0.00043418103795200835,-0.04670361716073265,0.7849893387704097,-0.06830893006182946,-6.9152236,-0.001202121596880379,0.012621727932556594,0
11,-0.018542727757809158,-0.3836197273799082,-1.8455008,0.0001478242458304059,0.3849767074540053,-0.15724303087356056,0.5302507946488825,-26.001984,0.004291826730023679,-0.4625751672130232,0.003111608920274858,0.15126104539038746,-33.795788,-0.004787149328367506,-0.40406877643781536,-2.097223011689236,0.027791289233494554,12.496911,-0.0017064477311197201,-0.09156053840486679,-0.0008169485901467872,-0.017043926897370054,-4.0111427,-0.0007959088051801098,-0.019409814973517674,1.8995120327584218,0.015401380058116424,10.945325,0.0010110177460840308,0.03702887180464938,0.7837872171735293,-0.05568720212927287,5.357685,0.0007217029923505258,0.09589139207955483,0
12,-0.01839490351197875,0.0013569800740971072,-36.771976,-0.0066674172913463,-0.3224252296387222,-0.15295120414353688,0.06767562743585927,38.999977,0.006589087026667606,0.304423352868229,-0.0016755404080926475,-0.25280773104742793,19.240925,0.0020799266736237516,0.3749173894705412,-2.0989294594203556,-0.06376924917137224,83.90782,0.00964423405785153,0.674569791841015,-0.001612857395326897,-0.03645374187088773,3.440861,0.00043095108301166346,0.06255614211452272,1.9005230505045059,0.0524302518627658,1.0246538,-0.000723547731346974,-0.058344190851892866,0.7845089201658798,0.04020418995028196,-10.745152,-0.001520041904002678,-0.12218151929699964,0
13,-0.02506232080332505,-0.3210682495646251,23.06424,0.005807097489984838,0.5814820254355981,-0.14636211711686928,0.3720989803040883,59.777683,0.008638340010725637,0.07927998953687149,0.00040438626553110395,0.1221096584231133,-84.81623,-0.011048458035727491,-0.7158003365773765,-2.089285225362504,0.6108005426696427,84.45611,0.013447477164388655,0.07170475343352223,-0.0011819063123152335,0.026102400243634995,-4.075943,-0.000735391032255036,-0.05901489503069217,1.899799502773159,-0.005913938989127063,-0.4603494,-9.098575858490499e-05,0.004605386784469587,0.7829888782618771,-0.08197732934671768,2.809191,0.00020299517578303838,0.0959725484025878,0
14,-0.019255223313340213,0.2604137758709731,-76.49646,-0.008360566854817644,-0.739438589174545,-0.13772377710614364,0.45137896984095977,-15.724377,0.0037680526460208696,-0.37472905446095095,-0.010644071770196387,-0.5936906781542632,-41.947636,-0.0027713764138484337,0.3974190980080183,-2.0758377481981154,0.6825052961031649,85.99303,0.011253783749979984,-0.11638543736704365,-0.0019172973445702696,-0.03291249478705717,6.89617,0.0009137985423810519,0.08139809325857912,1.899708517014574,-0.001308552204657476,-8.03134,-0.0015921630536002152,-0.08615692753360417,0.7831918734376602,0.013995219055870117,9.364702,0.0009713107058761938,0.046905953718949914,0
15,-0.027615790168157857,-0.4790248133035719,-48.911407,-0.006081021549925611,0.15137493617811437,-0.13395572446012277,0.07664991538000879,77.85786,0.005065245043776617,0.2870242930285133,-0.013415448184044821,-0.19627158014624496,-66.55617,-0.008784631326645004,-0.27061486136975205,-2.0645839644481354,0.5661198587361213,28.739815,0.008797140149698013,-0.18324606540945715,-0.0010034988021892176,0.04848559847152195,5.3170905,0.0009272968587920443,-0.002448525428313142,1.8981163539609738,-0.08746547973826165,10.200222,0.0022854701720638193,0.2013417507165438,0.7841631841435364,0.06090117277482003,9.79044,0.0014017801784558248,0.01095795697084924,0
16,-0.03369681171808347,-0.3276498771254575,-55.52167,-0.01007466258349813,-0.15863379825353469,-0.12889047941634615,0.3636742084085221,-9.535189,-0.000636778779928876,-0.47357945525468825,-0.022200079510689825,-0.466886441515997,-23.771414,-0.005209745663249901,0.22632476649046784,-2.0557868242984374,0.3828737933266641,-67.8233,-0.006638382033835377,-0.8760925782277598,-7.62019433971733e-05,0.04603707304320881,-1.831315,3.562065217583179e-05,-0.059123619339235656,1.9004018241330376,0.11387627097828215,9.263035,0.0026159934224951886,-0.027883119539913848,0.7855649643219922,0.07185912974566927,-10.018128,-0.0013191091293862645,-0.14670433454295287,0
17,-0.0437714743015816,-0.4862836753789922,-63.92865,-0.008223206183104188,0.04518826644916846,-0.12952725819627503,-0.10990524684616612,-85.227486,-0.005873695597985146,-0.2992117500511209,-0.027409825173939726,-0.24056167502552916,-63.452038,-0.007947369207764305,-0.19043887099938123,-2.0624252063322728,-0.4932187849010956,-19.153648,-0.007603532078326758,0.17690369294953828,-4.0581291221341506e-05,-0.013086546296026846,6.303754,0.0006732468595206819,0.05655561527646848,1.9030178175555328,0.0859931514383683,4.2858195,-0.00016501853817163514,-0.08736577745884122,0.7842458551926059,-0.0748452047972836,8.840944,0.0010408579436061993,0.13759471321512481,0
18,-0.051994680484685786,-0.44109540892982374,20.291468,-0.005057623489448479,0.3164358556192723,-0.13540095379426018,-0.40911699689728703,-33.365356,-0.007095378409363584,0.08025708717673374,-0.03535719438170403,-0.4310005460249104,30.40699,-0.003928027089900886,0.37136132315590953,-2.0700287384105995,-0.3163150919515573,-43.92674,-0.005993195309815125,0.004363206837712685,0.0006326655682993404,0.04346906898044163,0.53323275,0.0002920421614439296,-0.0319404892832701,1.9028527990173612,-0.0013726260204729181,-11.022667,-0.0014905622855370115,-0.07868312736299572,0.7852867131362121,0.06274950841784122,8.278071,0.0021186608801117,0.033077479427853634,0
19,-0.057052303974134265,-0.12465955331055144,-29.889717,-0.007074594962498952,-0.19488426629046784,-0.14249633220362376,-0.3288599097205533,-72.44685,-0.00530996001003764,0.009422917691903232,-0.03928522147160492,-0.05963922286900085,49.73504,0.005325514203766556,0.3676309151609623,-2.0760219337204147,-0.31195188511384464,61.184666,0.0032852060642802883,0.6270022421157027,0.00092470772974327,0.011528579697171535,-10.82614,-0.0016474357816418542,-0.10086365493487673,1.9013622367318241,-0.08005575338346864,9.149622,-0.00015309160577925418,0.11430534788423397,0.7874053740163238,0.09582698784569485,-0.563846,0.0002690926660852133,-0.09181004339643097,0
20,-0.06412689893663322,-0.3195438196010193,60.68584,0.006461920802389852,0.6956235748946983,-0.1478062922136614,-0.31943699202865006,-72.89505,-0.007315907010461059,-0.09987072350578896,-0.03395970726783836,0.30799169229196144,3.403098,-0.0026537562676660492,-0.3923596325388832,-2.0727367276561344,0.3150503570018581,80.098854,0.009552819603595442,0.2219327133317302,-0.0007227280518985842,-0.08933507523770519,-11.966517,-0.0020503921640094647,-0.00741710144400666,1.9012091451260449,0.03424959450076532,5.4339423,0.00018502978983359064,-0.012896613867604406,0.787674466682409,0.0040169444492638845,3.7139487,0.000924928574282724,0.036813751664345654,0
21,-0.057664978134243365,0.376079755293679,-42.482426,-0.006978137516532555,-0.7261276415658282,-0.15512219922412246,-0.419307715534439,-64.53829,-0.008906270159660723,-0.04532498320555467,-0.03661346353550441,-0.08436794024692174,78.588104,0.011966014382377065,0.6921740390369655,-2.063183908052539,0.5369830703335883,78.36624,0.01155268197415138,0.0552473262730141,-0.002773120215908049,-0.09675217668171185,-1.6993934,-0.00025254813626146046,0.08332342885730094,1.9013941749158785,0.021352980633160913,-4.4036384,-0.0008247757513584197,-0.06286689782956847,0.7885993952566918,0.04083069611360954,-4.02009,-0.0006358854956775017,-0.07168837926288199,0
22,-0.06464311565077592,-0.3500478862721492,37.295116,0.009421040933399821,0.7722679690691715,-0.16402846938378318,-0.4646326987399937,-1.1664009,-0.00794725206762889,0.1591990521266849,-0.024647449153127346,0.6078060987900438,-67.422005,-0.006517058328338425,-1.0015202254297895,-2.0516312260783875,0.5922303966066024,-5.3012986,0.005080792555220981,-0.4540696274667231,-0.0030256683521695093,-0.013428747824410905,-2.6947553,-0.0004862741519084321,-0.005153441670973095,1.90056939916452,-0.04151391719640756,0.31364992,0.0012768044101578724,0.08334209403319473,0.7879635097610143,-0.03085768314927245,7.2886553,0.0008025887843239321,0.0755264286776364,0
23,-0.0552220747173761,0.4222200827970223,-77.12664,-0.005677591115829439,-0.8130889677489896,-0.17197572145141207,-0.3054336466133088,-58.75826,-0.006755719716475567,-0.06554751031688377,-0.03116450748146577,-0.3937141266397457,-53.847214,-0.0016330659467571826,0.2053067430990102,-2.0465504335231666,0.13816076913987932,44.00301,0.005066599805336303,0.1500083249493445,-0.0035119425040779414,-0.018582189495384,-9.102524,-0.0013617023905331226,-0.05822600478507094,1.901846203574678,0.04182817683678716,-8.054091,-0.0015700659114146198,-0.118416046987453,0.7887660985453382,0.044668745528363946,-4.778388,-0.0013519038922322757,-0.10687996810578929,0
24,-0.06089966583320554,-0.3908688849519673,57.99188,0.0021670465218776927,0.6122186102895808,-0.17873144116788764,-0.37098115693019257,10.358062,-0.0034299331868598293,0.28678459374386067,-0.032797573428222954,-0.1884073835407355,12.249626,-0.005624600117264532,0.025137571744486914,-2.0414838337178303,0.2881690940892238,33.386177,0.007340917308137129,0.07168612660315044,-0.004873644894611064,-0.07680819428045493,-4.6396937,-0.0007618765823063115,0.04577827489593571,1.9002761376632633,-0.07658787015066584,-3.4962502,-0.00027793906578033045,0.06773589088104524,0.7874141946531059,-0.06221122257742534,0.5217302,0.0007341694538443022,0.09255539157198156,0
25,-0.058732619311327845,0.2213497253376135,-73.180534,-0.008805551827817663,-0.7100074199623354,-0.18216137435474747,-0.08419656318633188,-49.529106,-0.003134719255101226,-0.13359718004967203,-0.038422173545487485,-0.16326981179624858,20.012054,0.0060313315438165,0.42304864060939473,-2.034142916409693,0.35985522069237424,81.59241,0.009613359458007231,0.17875428341317628,-0.0056355214769173755,-0.03102991938451923,1.1197482,0.00012905837610623604,0.03571950203191662,1.899998198597483,-0.008851979269620601,9.846347,0.0007903141726077756,0.0637168157532172,0.7881483641069502,0.030344168994556213,3.3754542,0.0001847711196772961,-0.013860614493310053,0
26,-0.06753817113914551,-0.4886576946247219,7.6273446,-0.003456142146665425,0.389941545888964,-0.1852960936098487,-0.21779374323600392,41.516907,-0.0005655066666704345,0.29684045672577386,-0.032390842001670986,0.2597788288131461,58.337814,0.004209259807583406,0.029696198527148054,-2.024529556951686,0.5386095041055505,36.77421,0.009807715044530152,-0.09694096197748314,-0.0055064631008111395,0.004689582647397394,-8.095197,-0.0010940461726327826,-0.06307131156429525,1.9007885127700908,0.0548648364835966,7.7373533,0.0019639096765959874,0.03750967516912209,0.7883331352266275,0.01648355450124616,4.9684486,0.0012790156983024659,0.04050100004083931,0
27,-0.07099431328581093,-0.09871614873575793,-8.675013,0.0022721555648352737,0.1573389420054604,-0.18586160027651913,0.07904671348976994,-4.2874193,0.0012934459613706262,-0.03910770572820316,-0.02818158219408758,0.2894750273402942,-37.458424,-0.0017886931699762076,-0.44563914547774497,-2.0147218419071558,0.4416685421280674,79.636185,0.01116612727138433,0.14387581603171729,-0.006600509273443922,-0.05838172891689786,-8.776207,-0.0015230604498298892,-0.01376999333984491,1.9027524224466867,0.09237451165271869,-8.439404,-0.0014813429116546928,-0.1690323980548176,0.78961215092493,0.056984554542085473,8.505668,0.0010082694880819698,-0.0034490703577457274,0
28,-0.06872215772097566,0.058622793269702454,-46.2901,-0.008751997943714326,-0.47842921027791596,-0.1845681543151485,0.03993900776156678,-41.701817,-0.002733568342975723,-0.24543872786807755,-0.029970275364063787,-0.1561641181374508,55.61728,0.007091883052703033,0.5397641439740447,-2.0035557146357714,0.5855443581597847,63.09002,0.00866986190020591,-0.15546968225716834,-0.008123569723273811,-0.07215172225674277,-7.5384374,-0.001065244853243016,0.010894208190254683,1.901271079535032,-0.0766578864020989,11.727471,0.0014927928372379107,0.15511490966429894,0.790620420413012,0.053535484184339746,-8.751138,-0.0011801944173059908,-0.11759200845938501,0
29,-0.07747415566468999,-0.41980641700821353,-83.440926,-0.007591015759545475,-0.04764582644266807,-0.18730172265812423,-0.20549972010651077,-70.17093,-0.007761690946818334,-0.24985753251197804,-0.022878392311360754,0.3836000258365939,-31.698957,0.0013700465275757016,-0.4165193174527361,-1.9948858527355655,0.43007467590261633,39.80719,0.005532492091976815,-0.17128568472629085,-0.009188814576516827,-0.061257514066488085,5.552701,0.000593290505758539,0.10216503992441958,1.90276387237227,0.07845702326220004,2.7546751,0.00045657239570151553,-0.06750766707169702,0.789440225995706,-0.06405652427504527,10.886157,0.0009650157188213493,0.12874370631438192,0
30,-0.08506517142423546,-0.4674522434508816,-44.2921,-0.004698276090449913,0.19820147033264968,-0.19506341360494256,-0.4553572526184888,-23.123793,-0.006464626043863636,0.18331143332813715,-0.021508345783785052,-0.032919291616142196,-64.37371,-0.007415507503950924,-0.3830796558776281,-1.9893533606435887,0.2587889911763255,40.249306,0.0072021363717016396,0.10866913069703071,-0.008595524070758288,0.040907525857931504,8.036263,0.0012199813212521995,0.02374607332770462,1.9032204447679715,0.010949356190503022,-0.26371557,7.883168847921951e-05,-0.0032485996235160812,0.7904052417145273,0.06468718203933664,-3.3230765,-0.0006387382573752598,-0.10001796170392338,0
31,-0.08976344751468537,-0.2692507731182319,-68.27318,-0.015545529214330597,-0.44023505621037656,-0.2015280396488062,-0.27204581929035165,-71.49697,-0.00737584268439756,-0.15451471694511104,-0.028923853287735977,-0.4159989474937703,71.589264,0.005800495610505621,0.7961951599614744,-1.982151224271887,0.3674581218733562,64.238365,0.007929499970974252,0.058300807578054226,-0.007375542749506089,0.06465359918563612,11.978319,0.0019138498479818224,0.02893299021104359,1.9032992764564507,0.0077007565669869405,6.7899284,0.0005809989397231874,0.028021312641013478,0.789766503457152,-0.03533077966458673,9.168945,0.0017270370215682895,0.12595759593470518,0
32,-0.10530897672901597,-0.7094858293286085,-17.385666,4.6634401898143496e-05,0.6739908685560319,-0.20890388233320376,-0.4265605362354627,-54.784966,-0.007868567250682856,0.02874385498398291,-0.023123357677230356,0.3801962124677041,-75.56824,-0.008307935313949726,-0.8576471154954818,-1.9742217243009128,0.4257589294514104,76.1551,0.011084009259149763,0.15421165332007208,-0.0054616929015242665,0.09358658939667971,11.668081,0.0016574811330444324,-0.002625685595646257,1.9038802753961739,0.03572206920800042,-9.06574,-0.0015552312977837879,-0.11298453011811349,0.7914935404787203,0.09062681627011845,-3.6378522,-0.0006495501153774841,-0.1309222223842448,0
33,-0.10526234232711783,-0.03549496077257668,55.665787,0.0054999304789393605,0.3647754239090191,-0.2167724495838866,-0.3978166812514798,62.730576,-0.00229768600231961,0.4549645167286731,-0.03143129299118008,-0.4774509030277777,-49.72188,-0.011620653896493444,-0.04625791161604209,-1.963137715041763,0.5799705827714825,12.614971,0.008923049420799911,-0.2235097005712463,-0.003804211768479834,0.09096090380103346,0.4250429,0.0003465056859558342,-0.07918346962536948,1.90232504409839,-0.07726246091011307,-3.9843214,0.0006302653666370173,0.09847032259595206,0.7908439903633429,-0.04029540611412635,-7.07931,-0.0007020589050965587,-0.0031991431576203974,0
34,-0.09976241184817847,0.32928046313644244,-2.5590565,0.00019406029361773713,-0.3309520415134938,-0.21907013558620622,0.05714783547719332,-84.69442,-0.008107551954282172,-0.5962705452077515,-0.043051946887673526,-0.5237088146438198,-37.53072,-0.005407211787837436,0.24609236274750862,-1.9542146656209631,0.3564608822002362,-35.039463,-0.004717548620710277,-0.696432556258,-0.003457706082524,0.011777434175663975,7.192188,0.0011676066212260856,0.04276491012826481,1.9029553094650271,0.02120786168583899,-10.861436,-0.0011319149167832165,-0.11802999438751889,0.7901419314582463,-0.04349454927174675,-2.510962,-0.0005484671394602181,0.021489695231548547,0
35,-0.09956835155456073,-0.00167157837705136,42.820446,0.002155622160809584,0.18348337345701005,-0.2271776875404884,-0.5391227097305582,-38.161907,-0.008266840297315448,0.16884682043041827,-0.04845915867551096,-0.2776164518963112,16.016308,-0.002762484951101568,0.2238765585651005,-1.9589322142416734,-0.33997167405776385,-29.651466,-0.004344097622168919,0.13865765405887723,-0.0022900994612979142,0.054542344303928784,8.432488,0.001353786910557265,0.014099445212204763,1.901823394548244,-0.0968221327016799,-9.755741,-0.0015738131262719168,0.02587879664887724,0.7895934643187861,-0.022004854040198203,-10.360123,-0.001103808616619073,-0.04229718083813911,0
36,-0.09741272939375115,0.18181179507995868,-32.039764,-0.002755219650389329,-0.3598379435226867,-0.23544452783780384,-0.37027588930013994,-75.599236,-0.009534465309865098,-0.14930659734814183,-0.05122164362661253,-0.05373989333121068,-2.5169806,0.0020958775131664567,0.12033472576560755,-1.9632763118638423,-0.20131401999888662,-30.947947,-0.005851848781553759,-0.09131229855895803,-0.0009363125507406491,0.06864178951613355,0.6721663,0.00026449519835549447,-0.06480615087216113,1.900249581421972,-0.07094333605280266,6.8732867,0.0008201548972659456,0.11589804988705303,0.788489655702167,-0.06430203487833731,-10.400174,-0.0018800129254539222,-0.027051891696701788,0
37,-0.10016794904414048,-0.17802614844272802,-26.53594,0.0006990491426978329,0.1365651643832247,-0.24497899314766894,-0.5195824866482818,-56.71985,-0.010174860278448578,0.02357626426544046,-0.04912576611344607,0.06659483243439687,-84.29474,-0.00746727497489294,-0.5374636185940614,-1.969128160645396,-0.29262631855784466,-45.4718,-0.006293857945382619,-0.04030310377791341,-0.0006718173523851546,0.003835638643972425,-3.2711625,-0.0005957165758618183,-0.03005829375920463,1.901069736319238,0.04495471383425037,-9.61227,-0.0012019844570825278,-0.11497634694970389,0.7866096427767131,-0.0913539265750391,0.4997189,-0.0004902243909826742,0.07567131581451067,0
38,-0.09946889990144264,-0.04146098405950331,-39.73593,-0.01098297547214834,-0.4389250920413456,-0.2551538534261175,-0.4960062223828413,5.8531,-0.004130036448685093,0.39011253829218445,-0.05659304108833901,-0.47086878615966454,63.795303,0.004326719312190627,0.7860945729181517,-1.9754220185907787,-0.33292942233575806,-12.17551,-0.0010899201965561822,0.314923707901539,-0.001267533928246973,-0.026222655115232203,10.083049,0.0016790560184074851,0.10989795202657102,1.8998677518621554,-0.07002163311545352,-8.400083,-0.0013375218188587112,0.0184816615746638,0.7861194183857304,-0.015682610760528425,-6.817992,-0.0006684794635199998,-0.019450372519876698,0
39,-0.11045187537359098,-0.48038607610084894,39.342194,0.005813020196918761,0.7854745510364152,-0.2592838898748026,-0.10589368409065686,-24.11801,-0.00021779666350829618,0.07361769889066387,-0.052266321776148386,0.3152257867584871,-40.06912,-0.006452529328787544,-0.6415885918396487,-1.9765119387873349,-0.018005714434219056,73.1415,0.007489000120402434,0.49517270331634955,0.00041152209016051224,0.08367529691133882,-7.0235643,-0.0013025662210841196,-0.14300232832179788,1.8985302300432967,-0.05153997154078972,-1.9867536,-0.0013084072399347502,0.012906356008980234,0.7854509389222104,-0.03513298328040512,5.64237,0.0010194457967936943,0.08084286092612887,0
40,-0.10463885517667222,0.3050884749355662,-10.760281,-0.00468088953905825,-0.4971949829532486,-0.2595016865383109,-0.03227598519999299,-65.18344,-0.008157189533466336,-0.46099420821217857,-0.05871885110493593,-0.32636280508116156,60.94189,0.005807879445374635,0.6836887053016816,-1.9690229386669325,0.4771669888821305,-34.939014,-0.003188406630082685,-0.7535236546091242,-0.0008910441309236073,-0.059327031410459065,-11.599356,-0.0014723405488627763,-0.03197877996176259,1.897221822803362,-0.03863361553180949,11.479636,0.0024252659314760727,0.13169081617295725,0.7864703847190041,0.04570987764572375,-10.753658,-0.0013214772470131475,-0.11857183157334929,0
41,-0.10931974471573047,-0.1921065080176824,66.97712,0.011276228110826209,0.7554536976012938,-0.26765887607177724,-0.49327019341217154,-57.664055,-0.005487401874426867,0.21710838613655747,-0.052910971659561296,0.35732590022051997,-48.017754,-0.006337704865418493,-0.7001058447518456,-1.9722113452970151,-0.27635666572699363,81.817986,0.00745756836906053,0.8028772142056675,-0.0023633846797863835,-0.09130581137222166,0.5302511,-0.0005335858057170556,0.0903848000536289,1.899647088734838,0.09305720064114775,3.144285,-0.0007495142989337733,-0.0955498840021081,0.785148907471991,-0.07286195392762554,6.4385357,0.0008970217061682328,0.12050895657938301,0
42,-0.09804351660490426,0.5633471895836114,-35.8643,-0.004868136973447998,-0.8299621722773491,-0.2731462779462041,-0.27616180727561407,27.905792,-0.00040264001291345775,0.3493268242923101,-0.05924867652497979,-0.3427799445313256,36.012276,0.006074975278073408,0.6465175306962319,-1.9647537769279546,0.5265205484786739,86.69812,0.014830496681882854,0.24132351621958015,-0.002896970485503439,-0.0009210113185927592,6.143541,0.0012078661694446258,0.052666676222492076,1.8988975744359042,-0.0024926833609603344,5.5371323,0.0008915894559089477,0.0617309508915533,0.7860459291781592,0.047647002651757475,2.8437328,0.0002684830070620592,-0.02712587820246794,0
43,-0.10291165357835226,-0.2666149826937378,-58.200104,-0.007443184691727153,-0.135454869408836,-0.27354891795911757,0.07316501701669606,66.724884,-0.00041595862643967196,0.0029317702844003507,-0.05317370124690638,0.30373758616490626,22.641447,0.005796042409931583,-0.04999743035924864,-1.9499232802460718,0.7678440646982541,-65.48458,-0.00021467625888149655,-1.0042414501638326,-0.0016891043160588133,0.05174566490389932,4.538731,0.001089130691122898,-0.0061563625940245364,1.8997891638918132,0.05923826753059297,-4.6868386,0.0016216932138117812,-0.03528486749758755,0.7863144121852212,0.020521124449289534,1.2582488,-6.178078413299204e-06,-0.01770614200992584,0
44,-0.11035483827007941,-0.4020698521025738,-46.408287,-0.0024212700738434623,0.20572755832360898,-0.27396487658555724,0.07609678730109641,63.558693,0.005493227126261935,0.27975293994492223,-0.0473776588369748,0.2537401558056576,-71.25399,-0.0051595819208374305,-0.6165201327592473,-1.9501379565049533,-0.23639738546557854,-21.787725,-0.0017994992070609062,0.14949919372995618,-0.0005999736249359153,0.045589302309874784,4.807217,0.000712239173222668,-0.004386860978917398,1.901410857105625,0.023953400033005418,-7.3994026,-0.0008519951290495431,-0.065252025989668,0.786308234106808,0.0028149824393636936,-1.5263206,-0.0007019551150835301,-0.035034362647394464,0
45,-0.11277610834392288,-0.1963422937789648,-31.134928,-0.01109794702154944,-0.26431403908356155,-0.2684716494592953,0.35584972724601865,3.3592353,0.0031137644659121055,-0.2605402479470486,-0.05253724075781223,-0.36277997695358977,83.80589,0.005663307951050134,0.7758676197438606,-1.9519374557120142,-0.08689819173562234,-42.872997,-0.0067194336277141,-0.2876568359101416,0.00011226554828675275,0.041202441330957386,5.005491,0.0009321694747574334,-0.0026702920995467228,1.9005588619765754,-0.04129862595666259,-4.6468306,-0.0006000972499986545,-0.0016668806268474862,0.7856062789917244,-0.03221938020803077,-2.0323339,0.0002542981005887457,0.04113745473342933,0
46,-0.12387405536547232,-0.4606563328625264,81.09281,0.012497390682762774,1.103386030914487,-0.2653578849933832,0.09530947929897006,-56.51284,0.000966383627957812,-0.1592739331245146,-0.046873932806762095,0.4130876427902709,-63.86076,-0.009995852506256925,-0.9250241589549858,-1.9586568893397283,-0.3745550276457639,61.357258,0.0020233334091803723,0.6239808548268697,0.0010444350230441862,0.03853214923141066,-11.638105,-0.0022432655874398705,-0.13883291442757043,1.8999587647265768,-0.042965506583510074,-6.8648443,-0.00271954165371624,-0.06226223401104965,0.7858605770923132,0.008918074525398554,4.2412667,0.0008938770160529241,0.025166556755926044,0
47,-0.11137666468270954,0.6427296980519607,-38.26466,-0.004775678044038056,-0.9121714698247352,-0.2643915013654254,-0.06396445382554453,71.86701,0.0007791339536115105,0.23229898670401394,-0.05686978531301902,-0.5119365161647149,16.092129,0.003555855193088632,0.6804962388580701,-1.9566335559305479,0.2494258271811058,-68.778244,-0.0032856210729252933,-0.5497631720532077,-0.0011988305643956844,-0.10030076519615977,-9.712176,-0.0010647324746215834,0.03147775202898058,1.8972392230728605,-0.10522774059455972,-4.9340425,0.0007329904011954547,0.11820347782920103,0.7867544541083661,0.0340846312813246,5.064112,0.0005287843645069845,0.002152804212854159,0
48,-0.1161523427267476,-0.26944177177277445,-63.598606,-0.007947241671998478,-0.1629733629955311,-0.2636123674118139,0.16833453287846942,33.289875,0.00278457873012522,-0.006110761012842386,-0.05331393011993039,0.1685597226933552,3.3981364,0.003039366762965394,-0.057070971218683986,-1.9599191770034732,-0.30033734487210184,-79.656296,-0.010219804794581178,-0.26525091959582003,-0.002263563039017268,-0.06882301316717919,-11.127821,-0.0015856873653273995,-0.017562304849896362,1.897972213474056,0.012975737234641304,8.206113,0.0017994761016550953,0.06708046094583575,0.7872832384728731,0.03623743549417876,-10.907753,-0.0018320085318822565,-0.13107243714512784,0
49,-0.12409958439874608,-0.43241513476830556,47.7595,0.0003191426782832574,0.5682378485748685,-0.26082778868168865,0.16222377186562703,35.164513,0.007822108123036464,0.2431314868969206,-0.050274563356964994,0.11148875147467122,68.051346,0.002443827925288869,0.14356373184959906,-1.9701389817980544,-0.5655882644679219,29.92641,0.00022317163829721487,0.7137755557722707,-0.0038492504043446674,-0.08638531801707555,8.28286,0.0008275625006186945,0.1498375910599119,1.899771689575711,0.08005619818047706,11.34922,0.000661638860256053,-0.011291724666826639,0.7854512299409908,-0.09483500165094909,1.1723037,0.0008281027358468807,0.1320771555007907,0
50,4.96976216e-05,0.0,-17.024418,-0.003417502406390651,-0.16055329200092908,-0.18499601,0.0,8.896097,0.00036285696963661573,0.03321920713996206,-4.63546468e-05,0.0,29.345749,0.0038055571056948836,0.2050497509420234,-2.08528506,0.0,-8.554727,-0.0006403173256193107,-0.04380891016848201,-8.95942123e-06,0.0,-0.04599415,8.575099290859204e-05,0.0008700415332979499,1.90028276,0.0,2.6943476,0.0005508299450345255,0.02659525407819531,0.785404067,0.0,-7.4365716,-0.0010630040746489877,-0.05611618531280502,1
51,-0.003367804784790651,-0.16055329200092908,1.03559,0.0023137342835393222,0.24353556748213492,-0.18463315303036337,0.03321920713996206,-39.168514,-0.004041018063248136,-0.3014398704135721,0.0037592024588948836,0.2050497509420234,-36.330185,-0.003275920409653355,-0.4114815265760932,-2.0859253773256192,-0.04380891016848201,-52.083397,-0.007308387442665154,-0.38569368645181656,7.679157167859204e-05,0.0008700415332979499,3.2604547,0.0004060867515973715,0.02300305558977801,1.9008335899450346,0.02659525407819531,-0.06869776,0.00034934990932722343,-0.029293804981916617,0.784341062925351,-0.05611618531280502,2.0133095,3.129898784970386e-05,0.06365732705433176,1
52,-0.001054070501251329,0.08298227548120585,23.536407,0.0046488955873370905,0.1367510182668461,-0.1886741710936115,-0.26822066327361005,21.116459,-0.0008104081314184164,0.3133900297677633,0.00048328204924152874,-0.2064317756340698,-55.30428,-0.007730615262646096,-0.19746257192383546,-2.0932337647682844,-0.4295025966202986,-37.285282,-0.005051893468491997,0.1996857863831508,0.00048287832327596357,0.02387309712307596,7.052231,0.0010371402870105917,0.033240295870371805,1.9011829398543618,-0.002698550903721306,6.126206,0.0010105742770909476,0.06488895950380971,0.7843723619132007,0.0075411417415267475,-0.77858436,-0.00018097402817940367,-0.017256592211268816,1
53,0.0035948250860857616,0.21973329374805195,24.160355,-0.00044174592031208685,-0.1763346677260878,-0.18948457922502993,0.04516936649415329,-73.156364,-0.0019327996075376441,-0.271913697001375,-0.007247333213404567,-0.40389434755790526,34.466236,0.0007235786820304893,0.5175982213223485,-2.0982856582367764,-0.2298168102371478,57.530987,0.0022021089600481325,0.46463537119144005,0.0015200186102865554,0.05711339299344777,10.288253,0.0015542838647325638,0.02127195827747734,1.9021935141314528,0.06219040860008841,-4.9282565,-0.0021412015410446905,-0.1501619678163471,0.7841913878850213,-0.009715450469742069,-8.771968,-0.000941291615372819,-0.04380834826325079,1
54,0.0031530791657736748,0.043398626021964155,17.091022,0.000522259608875576,0.016873106587991613,-0.19141737883256757,-0.2267443305072217,-29.490456,-0.007243864723416427,-0.13169187398676785,-0.006523754531374078,0.11370387376444314,45.987446,0.004818951678887783,0.16811964527484058,-2.0960835492767282,0.2348185609542922,-50.884464,-0.003999171111629174,-0.547792313146127,0.003074302475019119,0.07838535127092511,-11.933311,-0.0014530909813810736,-0.16823917722716877,1.900052312590408,-0.08797155921625868,-1.4643675,0.0006281632936315784,0.09713738133145901,0.7832500962696485,-0.053523798732992865,-4.31797,-0.00043849837542742076,0.027879825318609216,1
55,0.0036753387746492508,0.06027173260995577,-61.550037,-0.0019146933128939428,-0.28062114473666966,-0.198661243555984,-0.35843620449398955,32.38648,0.0025662128691807395,0.6009520489424149,-0.0017048028524862954,0.2818235190392837,-50.676598,0.0005812775737275126,-0.3902955252870076,-2.1000827203883574,-0.31297375219183476,86.395584,0.00961785211603905,0.9719957682231396,0.0016212114936380456,-0.08985382595624367,-5.2913766,-0.0012326746245867938,0.04079391631821481,1.9006804758840397,0.00916582211520033,7.22338,-1.0380724150493847e-05,0.039825891040293646,0.7828115978942211,-0.02564397341438365,0.055406954,-0.000797245264886004,-0.0036549996149594054,1
56,0.001760645461755308,-0.22034941212671388,-66.2828,-0.011072707500945212,-0.32614952812769427,-0.19609503068680326,0.24251584444842533,32.28844,0.000765182900668876,-0.19305927790521593,-0.0011235252787587828,-0.10847200624772388,33.737705,0.0045657355065466965,0.35113560648690867,-2.0904648682723184,0.6590220160313048,-41.15743,3.369921980134194e-06,-0.8375165159862613,0.00038853686905125184,-0.04905990963802886,7.1953206,0.001262320313291315,0.11082296984060858,1.9006700951598892,0.04899171315549398,0.0073753577,0.0015832532099764318,-0.014747189250263089,0.782014352629335,-0.029298973029343055,4.797888,0.0006481298703596705,0.07000996671068685,1
57,-0.009312062039189904,-0.5464989402544081,-75.117134,-0.008193475747103808,0.07928456934263095,-0.19532984778613438,0.049456566543209415,46.770103,0.0022612960933900694,0.1315661337439039,0.003442210227787914,0.24266360023918482,-37.195713,-0.0017387263192541087,-0.3980812036761717,-2.0904614983503382,-0.1784944999549565,-70.72219,-0.007380467634447996,-0.2613458336260447,0.0016508571823425668,0.061763060202579725,5.792245,0.000974823878909055,-0.01537966744560506,1.9022533483698656,0.03424452390523089,2.7879176,0.0012755113237854498,0.014940869155372134,0.7826624824996947,0.0407109936813438,-6.7780404,-0.0013208809046302283,-0.10856123720232277,1
58,-0.017505537786293712,-0.4672143709117772,-59.875557,-0.008477015004858472,0.028749150097723497,-0.1930685516927443,0.18102270028711334,83.97397,0.010568235762433542,0.4384261593544351,0.0017034839085338055,-0.15541760343698688,-36.091454,-0.004632562155578671,-0.09138900813876488,-2.0978419659847862,-0.43984033358100116,21.51266,0.0015497641134345486,0.6225466356871845,0.0026256810612516218,0.046383392756974666,-8.009842,-0.0012516457476748565,-0.11009744548236886,1.903528859693651,0.04918539306060302,2.8341703,-0.00010477248987239562,-0.02627066499435366,0.7813416015950645,-0.06785024352097897,-2.313298,-0.00044258042489142557,0.04601711600903964,1
59,-0.025982552791152184,-0.4384652208140537,26.691261,0.0021404494929273925,0.5815948712986594,-0.18250031593031077,0.6194488596415484,6.976008,0.006384193234072744,-0.41063299441683193,-0.0029290782470448662,-0.24680661157575176,-67.70826,-0.012899409729904405,-0.3698541052552894,-2.0962922018713517,0.18270630210618327,-5.402457,-0.0017762757357169257,-0.30787350093596116,0.0013740353135767653,-0.06371405272539418,2.5425334,0.00020074517527821252,0.08315864987093824,1.9034240872037786,0.022914728066249362,2.6179476,0.0003702751766285761,-0.018691572693480398,0.7808990211701731,-0.02183312751193933,5.480694,0.0010093805619998397,0.07255851722849165,1
60,-0.023842103298224792,0.14312965048460569,17.428537,-0.001170823750522753,-0.14190306061856836,-0.17611612269623803,0.20881586522471646,-75.37955,-0.0041069107663756765,-0.5728058129662552,-0.01582848797694927,-0.6166607168310412,-3.0002122,-0.00481873432960378,0.4455322299595596,-2.0980684776070686,-0.1251671988297779,-46.22362,-0.009251498641253075,-0.37139694882538316,0.0015747804888549778,0.01944459714554405,-8.642592,-0.0011209381155544151,-0.0887419957088135,1.9037943623804072,0.004223155372768963,11.541053,0.0015009767673253016,0.060397067526562945,0.7819084017321729,0.05072538971655231,-1.4758849,0.00021377547117285012,-0.047519127973484385,1
61,-0.025012927048747545,0.0012265898660373253,7.5385876,0.002539155142029407,0.10654066990120388,-0.1802230334626137,-0.3639899477415387,21.077236,0.001331606198392371,0.5281297025951839,-0.02064722230655305,-0.17112848687148158,-52.892025,-0.0068633818170583775,-0.19631024711927736,-2.1073199762483217,-0.49656414765516105,53.48248,0.004856470492907494,0.8964138872241543,0.0004538423733005626,-0.06929739856326944,8.5452585,0.0009427947336206402,0.1352346841188619,1.9052953391477325,0.0646202228993319,-9.399468,-0.002328957389713837,-0.14704603622464119,0.7821221772033458,0.0032062617430679316,3.9277706,0.0004456316695951035,0.022681297688518006,1
62,-0.022473771906718138,0.1077672597672412,-39.406242,-0.005790639218724549,-0.40776663790750617,-0.17889142726422133,0.16413975485364515,-42.97143,-0.0006860161158593059,-0.2986008653576407,-0.027510604123611428,-0.36743873399075894,-4.6259193,-0.00039932696224200676,0.34443480744033633,-2.102463505755414,0.3998497395689933,67.42607,0.007570032613803512,0.010960227101833142,0.0013966371069212028,0.06593728555559245,-4.1410575,-0.0005475129707324664,-0.10286027889817811,1.9029663817580187,-0.08242581332530927,1.350515,-0.0004847115920352252,0.06657376287809992,0.7825678088729409,0.025887559431585938,10.226479,0.001513393075710301,0.05375752135821939,1
63,-0.028264411125442687,-0.29999937814026495,-71.318275,-0.00880422210176452,-0.18024181897741043,-0.17957744338008064,-0.13446111050399553,47.35796,-0.0016335322044377376,0.16161231700024456,-0.027909931085853434,-0.023003926550422583,-22.49249,-0.000817896669399576,-0.06264507031710637,-2.0948934731416107,0.4108099666708264,-55.1785,-0.0011716287600451736,-0.6239527414642494,0.0008491241361887364,-0.036922993342585676,10.581084,0.0017697197262454805,0.12568014535652108,1.9024816701659835,-0.015852050447209345,1.9589651,0.0019280426007186602,0.08127772967478697,0.7840812019486512,0.07964508078980533,-9.988404,-0.0017320425733260425,-0.1682960187307882,1
64,-0.03706863322720721,-0.4802411971176754,-78.91917,-0.013723395377159033,-0.1896869323637707,-0.18121097558451837,0.027151206496249036,-75.19969,-0.0021548445851947984,-0.26545042557705945,-0.02872782775525301,-0.08564899686752894,30.804796,0.0034693892066494057,0.2835267947546415,-2.096065101901656,-0.21314277479342292,63.66607,0.002927764390023402,0.490623379748454,0.002618843862434217,0.0887571520139354,-9.455282,-0.0014421104893009473,-0.16937870686400563,1.9044097127667021,0.06542567922757762,0.35387582,-0.001407661475469002,-0.11268613044202863,0.7823491593753251,-0.08865093794098286,-1.990561,-0.00022952761341576977,0.07730215125635276,1
65,-0.05079202860436624,-0.6699281294814461,5.0738153,-0.004670367951197386,0.5261054456363071,-0.18336582016971317,-0.23829921908081042,12.052579,-0.00039502489413420494,0.2819316610701851,-0.025258438548603605,0.19787779788711257,46.85047,0.0016213281671484045,-0.024975571919668482,-2.0931373375116324,0.2774806049550311,73.74566,0.011139500914409073,0.3312654869409673,0.0011767333731332696,-0.08062155485007023,-0.5360255,-0.00019126457017566278,0.08035123238926725,1.9030020512912331,-0.047260451214451014,-7.1904163,-0.001358033824031768,-0.006187033307093859,0.7821196317619094,-0.011348786684630106,-5.342088,-0.0002499905073211073,-0.010627622608105434,1
66,-0.05546239655556363,-0.14382268384513897,-9.676265,-0.005238220067514003,-0.061188161335938435,-0.18376084506384738,0.04363244198937469,20.783594,0.0003963516851455684,0.004061439199177896,-0.0236371103814552,0.1729022259674441,86.75289,0.00962035942413173,0.3759730212578206,-2.0819978365972234,0.6087460918959984,27.900803,0.007360267150410493,-0.30762023564938173,0.0009854688029576068,-0.0002703224608029884,-7.674239,-0.0009722670377803905,-0.05590840676463901,1.9016440174672014,-0.05344748452154487,4.5807505,0.0012757734603314752,0.1072414134761097,0.7818696412545882,-0.02197640929273554,9.235422,0.00173135158518134,0.10944438130998144,1
67,-0.06070061662307763,-0.2050108451810774,81.159584,0.012808673875277489,0.8526237947696294,-0.1833644933787018,0.047693881188552584,-13.171966,-0.004157197731715245,-0.27876794392894544,-0.01401675095732347,0.5488752472252647,-32.36203,-0.00485160201982048,-0.8013878291050408,-2.074637569446813,0.30112585624661664,-74.414185,-0.00673303822162552,-0.7946783235255583,1.3201765177216318e-05,-0.056178729225442,-6.262355,-0.0009621765548323309,0.009855155601914377,1.9029197909275328,0.05379392895456483,10.232814,0.0028481665103596843,0.050539708084859684,0.7836009928397696,0.0874679720172459,1.836429,0.00044450667993001236,-0.0729619943654107,1
68,-0.04789194274780014,0.647612949588552,-59.96228,-0.00431384242994181,-0.9511237886815446,-0.18752169111041705,-0.23107406274039283,-27.097128,0.00019938955487736054,0.23395196561672982,-0.01886835297714395,-0.2525125818797761,1.9725394,0.005680915657288494,0.4556580779723073,-2.0813706076684384,-0.49355246727894164,82.21846,0.005859910329950591,0.9857653803838176,-0.0009489747896551146,-0.046323573623527625,-2.6267948,-0.0006439552828214327,0.016984895537306893,1.9057679574378925,0.10433363703942451,-6.089662,-0.002505672139853532,-0.18939863758426595,0.7840454995196996,0.014505977651835193,4.9691477,0.00016846960121219556,0.005558148267757183,1
69,-0.05220578517774195,-0.3035108390929926,52.76522,0.0007848589619133817,0.4649378160626275,-0.1873223015555397,0.0028779028763369994,46.095913,0.0007233657796770765,0.11131881944817855,-0.013187437319855456,0.2031454960925312,86.907555,0.005529965878614152,0.20406201842197122,-2.075510697338488,0.49221291310487597,-18.426931,0.0027536335403488543,-0.4700852922720591,-0.0015929300724765473,-0.029338678086220732,-0.6425381,0.00013087686419383068,0.03416788298073573,1.903262285298039,-0.08506500054484144,-6.232629,0.00019241355812704697,0.07229288261327825,0.7842139691209118,0.020064125919592377,-3.350097,0.0002876657185236775,-0.017896163242889503,1
70,-0.05142092621582857,0.16142697696963496,-63.361008,-0.004118246814480711,-0.46154586809698295,-0.18659893577586262,0.11419672232451555,69.471054,0.007558453560497058,0.3458022644480877,-0.007657471441241304,0.40720751451450243,15.645287,0.008903617115917485,-0.06130457757555069,-2.072757063798139,0.02212762083281689,46.15188,0.006990987300469875,0.3837815360781533,-0.0014620532082827166,0.004829204894515002,8.188047,0.0011375758243570174,0.05698425290399975,1.903454698856166,-0.012772117931563187,-8.963424,-0.0015615847608536626,-0.05108251380696828,0.7845016348394355,0.0021679626767028746,-1.9755915,-0.0009183163357570079,-0.0396801171154902,1
71,-0.05553917303030928,-0.30011889112734796,-46.630005,-0.0036121187941963798,0.05944718510367494,-0.17904048221536556,0.45999898677260326,-54.901306,0.0010944581892244343,-0.5800969315388811,0.0012461456746761812,0.34590293693895174,-22.430052,0.0006818197559092921,-0.382276118634603,-2.065766076497669,0.4059091569109702,47.549423,0.0036618067110949504,-0.2143540391443994,-0.00032447738392569933,0.06181345779851475,7.345848,0.0009909313234909406,-0.010581059948150694,1.9018931140953124,-0.06385463173853147,8.775779,0.0006252307994496498,0.09499955913145364,0.7835833185036785,-0.037512154438787325,4.2097816,0.0002088030183811096,0.05607027747526759,1
72,-0.05915129182450566,-0.24067170602367302,-19.395544,-0.003989992662948298,0.054371822806969755,-0.17794602402614113,-0.12009794476627778,-61.87569,-0.006512636886050582,-0.2783351186199758,0.0019279654305854733,-0.03637318169565126,1.2095518,-0.0007839718573065056,0.011292132565413997,-2.062104269786574,0.19155511776657078,3.131752,0.00015367411722166935,-0.2147138776918146,0.0006664539395652414,0.051232397850364056,-5.6098013,-0.0007297442196026279,-0.0964500283218567,1.902518344894762,0.031144927392922173,-7.4153676,-0.0010658109946948269,-0.09953409093753743,0.7837921215220596,0.018558123036480263,-2.2611651,-0.00020627850509469248,-0.03330296058306585,1
73,-0.06314128448745396,-0.18629988321670327,47.73043,0.0063679715364604594,0.5277398623939642,-0.1844586609121917,-0.39843306338625356,-70.914894,-0.010521835806801938,-0.15830286579574399,0.0011439935732789677,-0.025081049130237267,-47.96974,-0.0086957026653331,-0.3952120433559732,-2.0619505956693525,-0.023158759925243827,-38.024456,-0.005141640680825343,-0.27663485631079554,-6.329028003738656e-05,-0.04521763047149265,3.6291075,0.00044516151731522767,0.07430632615701255,1.9014525339000672,-0.06838916354461526,6.43069,0.00116978289401648,0.12033592552409879,0.7835858430169649,-0.014744837546585586,-6.926484,-0.0009196902209912539,-0.03584023155274428,1
74,-0.0567733129509935,0.3414399791772609,-82.75478,-0.006121826591881943,-0.7640405446432613,-0.19498049671899365,-0.5567359291819975,-85.32968,-0.009633769286501365,0.04611910186044221,-0.007551709092054133,-0.4202930924862105,-71.53099,-0.003848749874366452,0.10952047719476088,-2.067092236350178,-0.2997936162360394,43.964592,0.002424434236496964,0.5331635408866542,0.0003818712372778411,0.029088695685519892,-0.2209666,-0.0001217519411276287,-0.03776511210277773,1.9026223167940837,0.05194676197948353,-9.467497,-0.0024073693720050304,-0.15257843619662145,0.7826661527959736,-0.05058506909932987,-8.549451,-0.0020861346945402204,-0.04397576556388986,1
75,-0.06289513954287544,-0.42260056546600044,57.608994,0.004222295716710171,0.716936136051103,-0.204614266005495,-0.5106168273215553,-31.697987,-0.010000324591158904,0.06349304729331257,-0.011400458966420585,-0.3107726152914496,-44.885334,-0.012357028568590007,-0.22460595242194514,-2.064667802113681,0.23336992465061476,-35.7378,-0.0013475096727768587,-0.3930200670886417,0.0002601192961502124,-0.008676416417257833,-5.78648,-0.0008416346092405432,-0.0315019234718413,1.9002149474220786,-0.10063167421713792,-0.9692707,0.000687765055978895,0.11983903332561771,0.7805800181014334,-0.09456083466321973,5.1158905,0.001241495714671026,0.15388176019191463,1
76,-0.05867284382616527,0.2943355705851025,-25.79763,-0.0003234612054478711,-0.3720502477739559,-0.21461459059665391,-0.44712378002824277,-63.64138,-0.006877111693953053,0.08827264609005792,-0.023757487535010592,-0.5353785677133948,-83.63352,-0.009160801583259763,0.011634427962656568,-2.0660153117864577,-0.1596501424380269,56.04869,0.004660653608887788,0.5028137465271216,-0.0005815153130903308,-0.040178339889099135,8.424003,0.001096304037294629,0.10233117314371781,1.9009027124780575,0.019207359108479795,4.9702735,-0.00019870585345671543,-0.002618528002925908,0.7818215138161044,0.05932092552869492,-4.5942965,-0.00107230768331823,-0.11020504667136743,1
77,-0.05899630503161314,-0.07771467718885341,-65.60475,-0.010292981363038314,-0.4426614974817109,-0.22149170229060697,-0.35885113393818485,49.86167,-0.0022318781867871063,0.39778685568234734,-0.032918289118270355,-0.5237441397507382,-14.476892,-0.0024337514466877125,0.40802481492563925,-2.06135465817757,0.34316360408909474,-8.382727,0.004617633208752636,-0.19472974096603504,0.0005147887242042983,0.06215283325461868,8.387216,0.0015500783534368836,0.011042989804575812,1.9007040066246008,0.016588831105553887,-6.4021955,0.00021861746128726267,-0.021399951019912346,0.7807492061327862,-0.05088412114267252,10.069386,0.0013882730898325812,0.13083337061577457,1
78,-0.06928928639465146,-0.5203761746705643,-62.278664,-0.011816423312325325,-0.04134395347307318,-0.22372358047739407,0.03893572174416248,23.885757,-0.0007095892342268428,-0.03871097318736381,-0.03535204056495807,-0.11571932482509895,20.241812,0.0009423771808514669,0.20026586807280444,-2.0567370249688173,0.1484338631230597,-65.78334,-0.0055471180087036664,-0.5435432691489304,0.002064867077641182,0.07319582305919449,-9.421154,-0.001074692972858207,-0.14303881563523546,1.900922624085888,-0.0048111199143584605,8.501475,0.0023718167734569917,0.10079130063975981,0.7821374792226188,0.07994924947310206,10.625547,0.0019148663084860296,0.012081832963369718,1
79,-0.08110570970697678,-0.5617201281436375,31.43323,-0.001773700333380368,0.5857640099887259,-0.22443316971162092,0.00022474855679867171,35.813187,0.0012442254774594486,0.11946987693699558,-0.0344096633841066,0.0845465432477055,47.116573,0.00010890088697607797,0.03695124131788044,-2.062284142977521,-0.39510940602587064,-86.491486,-0.0103673390081358,-0.1838982942273416,0.000990174104782975,-0.06984299257604097,9.931599,0.0015043536374196446,0.15628225834918835,1.903294440859345,0.09598018072540135,-9.082417,-0.0005584112185579304,-0.1446495666009779,0.7840523455311048,0.09203108243647178,-3.5842307,0.00023689345644029025,-0.09486186324125737,1
80,-0.08287941004035715,0.024043881845088426,26.077631,0.004220015551293005,0.1866353008571905,-0.22318894423416147,0.11969462549379425,9.92373,0.00640226258125412,0.18304910471508415,-0.03430076249713052,0.12149778456558594,-5.565794,-0.000755825065714047,-0.16189821073920535,-2.0726514819856567,-0.5790077002532122,56.593807,0.002126933998350289,0.8696591021514204,0.0024945277422026195,0.08643926577314738,5.785888,0.0006725573734169639,-0.045831240888969144,1.9027360296407871,-0.04866938587557656,-3.2464976,-0.002144275201900525,-0.01367085602380979,0.7842892389875451,-0.0028307808047855912,11.3152275,0.0017467173016487703,0.09221558806797787,1
81,-0.07865939448906414,0.21067918270227892,52.61562,0.005672828251905668,0.11638949428904122,-0.21678668165290735,0.3027437302088784,13.649904,0.001237739512014946,-0.27126816943891846,-0.03505658756284457,-0.04040042617361941,21.96202,0.0005553330541077581,0.11495565908509983,-2.0705245479873065,0.2906514018982082,-56.870426,-0.005180687623893121,-0.6759097150556101,0.0031670851156195834,0.04060802488417824,11.133194,0.0018835002744612686,0.05185104803010625,1.9005917544388866,-0.06234024189938635,3.386614,0.001417493562869243,0.10548598388244408,0.7860359562891939,0.08938480726319228,7.940168,0.0015312704320128434,-0.016194146347254385,1
82,-0.07298656623715848,0.32706867699132014,41.988132,0.00817039772225854,0.05742497945768649,-0.2155489421408924,0.03147556076995995,70.44774,0.005998477087859083,0.3719379913700253,-0.03450125450873681,0.07455523291148042,-20.424843,-0.001551800660229384,-0.18066076615687088,-2.0757052356111996,-0.38525831315740194,-30.85836,-0.0035999889854023692,0.2271878415039276,0.005050585390080852,0.09245907291428448,3.1314597,0.0005734598744710157,-0.06592563511023207,1.9020092480017559,0.043145741983057734,9.414284,0.0016085559059226817,0.04919081449988215,0.7875672267212067,0.0731906609159379,9.325261,0.001368388189117109,-0.005145820927745889,1
83,-0.06481616851489994,0.3844936564490066,77.2509,0.008462396276489995,0.09877851201388854,-0.20955046505303332,0.40341355213998525,25.406368,0.006344960521114468,-0.12584628621046906,-0.036053055168966196,-0.10610553324539046,33.53652,0.0011415231030059633,0.23109562038818446,-2.079305224596602,-0.15807047165347435,-16.415497,-0.0035051430362527114,-0.013113560279024217,0.005624045264551868,0.02653343780405241,7.50713,0.0011840912205942867,0.03441710853414469,1.9036178039076785,0.09233655648293988,2.1890438,0.00027171883059096125,-0.08335536994529943,0.7889356149103238,0.06804483998819201,8.25338,0.0016795424316546903,0.01186104575068088,1
84,-0.05635377223840994,0.48327216846289517,-59.767803,-0.004942944106312831,-0.8076027660359215,-0.20320550453191885,0.2775672659295162,53.086178,0.00651974655213669,0.07782283618485636,-0.03491153206596023,0.124990087142794,40.11498,0.011132579868805222,0.3610270939036172,-2.0828103676328547,-0.17118403193249856,-30.74383,-0.0038726321648456796,-0.034834814918189044,0.006808136485146154,0.0609505463381971,-2.2681196,-0.00015975946619462,-0.08137369267215133,1.9038895227382695,0.008981186537640452,5.8757734,0.0010751742509544915,0.04571484087062745,0.7906151573419785,0.07990588573887289,11.520342,0.001316076242246167,-0.0049393733623306485,1
85,-0.06129671634472277,-0.32433059757302635,-73.14503,-0.009470555671518353,-0.18279214663733873,-0.19668575797978216,0.35539010211437255,39.847775,0.00929743343554848,0.09611348197696978,-0.02377895219715501,0.48601718104641123,48.96066,0.010099266607368686,-0.017661077915167966,-2.0866829997977003,-0.2060188468506876,51.644,0.0040882196978722085,0.5196098519669402,0.006648377018951534,-0.02042314633395424,9.416246,0.0012475631856554937,0.09029855593621665,1.904964696989224,0.0546960274082679,-1.1798686,-0.00107212099324272,-0.08628988006717331,0.7919312335842247,0.07496651237654224,-7.1566696,-0.0012402602969830978,-0.13963562493060144,1
86,-0.07076727201624113,-0.5071227442103651,-84.872536,-0.011443693354642917,-0.09692755748612747,-0.18738832454423368,0.45150358409134234,82.92777,0.006994526626444814,-0.05144245519039725,-0.013679685589786324,0.46835610313124326,41.371544,0.008655101016588077,-0.06789399969031257,-2.082594780099828,0.3135910051162526,-76.216606,-0.005212628203600023,-0.740955378798148,0.007895940204607028,0.0698754096022624,-9.953601,-0.0012172961746519263,-0.14467220773992978,1.9038925759959813,-0.0315938526589054,-4.9101825,0.0007787518126416426,0.03314753083643231,0.7906909732872416,-0.06466911255405922,8.29418,0.0010139438823040248,0.1233722560291493,1
87,-0.08221096537088404,-0.6040503016964925,32.361866,0.002316331085849513,0.7679474360658753,-0.18039379791778887,0.4000611289009451,-84.12373,0.0014889522339115446,-0.5456883384716633,-0.005024584573198247,0.4004621034409307,1.233867,-0.0025939683947920978,-0.4929091008255532,-2.087807408303428,-0.42736437368189545,40.195683,-0.0028858465720582593,0.4220369169358935,0.006678644029955102,-0.07479679813766736,6.6524487,0.0005431813858885288,0.12043608414991433,1.904671327808623,0.0015536781775269057,-11.348208,-0.003566019975560497,-0.16212266699943187,0.7917049171695456,0.05870314347509008,4.5260158,0.0010354587175116503,-0.01314630187587909,1
88,-0.07989463428503453,0.16389713436938277,-26.158552,-0.003602503116228728,-0.35487998541932564,-0.17890484568387732,-0.1456272095707182,-16.919104,-0.002758683554008101,0.011222153985224165,-0.007618552967990345,-0.09244699738462253,20.94297,0.003807797146380438,0.2766642635946439,-2.0906932548754864,-0.005327456746001935,-1.542246,-0.0003928513193227623,-0.008855862728341582,0.007221825415843631,0.04563928601224697,7.725567,0.0012985585677557877,0.015317487427624281,1.9011053078330624,-0.16056898882190496,-0.9535318,-0.0003456034523399154,0.15242630279310718,0.7927403758870573,0.04555684159921099,-5.135155,-0.0008160883671337604,-0.08817860648132175,1
89,-0.08349713740126326,-0.19098285104994284,27.738708,9.102078950948278e-05,0.26479222949556297,-0.18166352923788542,-0.13440505558549404,84.23273,0.00584468532307314,0.5845003614683769,-0.0038107558216099067,0.18421726621002135,61.092712,0.004948655772754861,0.14084163062704488,-2.091086106194809,-0.014183319474343517,32.65894,0.0067723368185874655,0.39712105832022865,0.008520383983599418,0.06095677343987125,-9.73884,-0.001319083497104732,-0.1322299387559732,1.9007597043807225,-0.008142686028797773,7.2893014,0.0012233716610949852,0.09089694551712263,0.7919242875199235,-0.042621764882110766,6.1376433,0.0013968851710663976,0.10771606113215927,1
90,-0.08340611661175378,0.07380937844562012,42.762817,0.006196746267907893,0.24664323195790333,-0.17581884391481228,0.4500953058828829,76.60397,0.009776200293463294,0.07169977972000857,0.001137899951144954,0.32505889683706624,19.64428,0.00259356852645405,-0.1890991602740416,-2.0843137693762217,0.3829377388458851,28.650816,0.006296073007052261,-0.09836165727759816,0.0072013004864946864,-0.07127316531610194,1.4735179,0.00015462633691668178,0.08525807302292998,1.9019830760418175,0.08275425948832486,4.085299,0.001073478831870034,-0.03782364539113899,0.7933211726909899,0.0650942962500485,0.2662835,0.0001535767420612899,-0.06115854219552521,1
91,-0.07720937034384588,0.32045261040352346,-10.205691,0.0033947616750342607,-0.23024059246951628,-0.166042643621349,0.5217950856028915,28.09501,0.0034820883946581616,-0.39861504044789087,0.003731468477599004,0.13595973656302462,-33.563248,0.000144503049842122,-0.21527848380713863,-2.0780176963691694,0.28457608156828695,-86.060074,-0.008500459375257563,-0.8850080875302683,0.007355926823411368,0.013984907706828044,1.9897994,0.00042635372588309146,0.0011361024661388532,1.9030565548736875,0.04493061409718587,-10.888592,-0.0002895918911813844,-0.11052472345753961,0.7934747494330512,0.003935754054523293,1.328842,-0.00033102534920603777,-0.011965359787372638,1
92,-0.07381460866881162,0.09021201793400718,2.8631337,0.0013161707496562591,-0.03874402960794802,-0.16256055522669083,0.12318004515500057,-24.67576,0.0029158275357293872,-0.04732381618349607,0.003875971527441126,-0.079318747244114,-18.488903,-0.001968640034001555,-0.03458725230478642,-2.086518155744427,-0.6004320059619813,22.054415,-0.003100649098408681,0.5925036828069343,0.00778228054929446,0.015121010172966897,-0.47981918,-0.00026627285743666736,-0.025158318979170036,1.9027669629825061,-0.06559410936035374,7.9615903,-0.00032770396025361137,0.08762251345316077,0.7931437240838451,-0.008029605732849346,0.6137227,1.7654613627016147e-05,0.009497760210521974,1
93,-0.07249843791915536,0.051467988326059165,27.291012,0.0042583004824347515,0.16304791774373156,-0.15964472769096144,0.0758562289715045,-19.819326,-0.002591997795048734,-0.24892452284488747,0.001907331493439571,-0.11390599954890042,-33.62953,-0.005360237212445814,-0.15532205891807654,-2.0896188048428357,-0.007928323155046938,-58.406147,-0.007113125674839793,-0.43243084469349397,0.007516007691857792,-0.01003730880620314,-4.2850432,-0.0005985307698672289,-0.02314879665577097,1.9024392590222525,0.022028404092807024,-11.338437,-0.0011152768230762167,-0.1055567079005707,0.7931613786974722,0.001468154477672628,1.4283386,0.00022894457040967264,0.0100854725082668,1
94,-0.06824013743672061,0.21451590606979073,83.88009,0.005411642074093739,0.18109838686690113,-0.16223672548601017,-0.17306829387338296,-67.85443,-0.0071259840570775945,-0.2540332897062528,-0.0034529057190062426,-0.26922805846697695,65.24821,0.0017939689653708548,0.4964621485647167,-2.0967319305176755,-0.4403591678485409,-69.864914,-0.011906686533188271,-0.16974630748292285,0.006917476921990563,-0.03318610546197411,-7.8211837,-0.0010533115791016168,-0.023053815852678745,1.9013239821991763,-0.08352830380776367,-1.5448948,-0.0004186580627367764,0.05960768520227436,0.7933903232678818,0.011553626985939428,11.375043,0.002494369690402176,0.10833679362770514,1
95,-0.06282849536262687,0.39561429293669187,36.913742,0.006071449394196411,-0.0957333872939829,-0.16936270954308777,-0.42710158357963574,-77.77197,-0.007027220808439122,0.03132517180325284,-0.0016589367536353878,0.22723409009773973,35.679195,0.005849665796642348,0.061518124225461074,-2.1086386170508638,-0.6101054753314638,20.367977,-0.0027043675934015354,0.6183629376849199,0.005864165342888947,-0.05623992131465286,-1.2515302,-0.00038613650186397185,0.04106814545756811,1.9009053241364395,-0.023920618605489313,2.276283,-0.0010141073566154457,0.0072067913975958145,0.795884692958284,0.11989042061364456,-5.8356047,-0.000775864183632291,-0.1670708573866747,1
96,-0.05675704596843046,0.299880905642709,75.72801,0.010845389451668859,0.26361988790336754,-0.1763899303515269,-0.3957764117763829,40.06877,-0.0008858385928412482,0.49288141376395816,0.00419072904300696,0.2887522143232008,26.64068,0.00293463623842807,-0.12114312773543562,-2.1113429846442653,0.008257462353456162,15.709521,0.004734448495306243,0.242508766933253,0.005478028841024975,-0.015171775857084749,-2.0829015,-0.00035845121429774977,0.0025042359520011243,1.899891216779824,-0.016713827207893498,-3.2465682,-0.0001679382143116026,0.017368765799726554,0.7951088287746517,-0.04718043677303016,6.789385,0.001133570401820383,0.10557125953264146,1
97,-0.0459116565167616,0.5635007935460765,-72.65122,-0.004608356169190413,-0.9071600645329119,-0.17727576894436814,0.09710500198757528,50.389023,0.005592984325365896,0.23933219538189127,0.00712536528143503,0.1676090865877652,21.90332,0.01080160082907243,0.2600125036038558,-2.106608536148959,0.25076622928670916,64.942986,0.009868845491784572,0.286523780394313,0.005119577626727225,-0.012667539905083625,3.7331104,0.0005257772848055592,0.037216941689039766,1.8997232785655125,0.0006549385918330562,-7.4374843,-0.0013063065994158851,-0.05602174902244918,0.7962423991764721,0.058390822759611306,-8.124031,-0.0019144830119720568,-0.14808921380544376,1
98,-0.050520012685952013,-0.3436592709868353,-44.03137,-0.006167691203065678,0.0211671620696694,-0.17168278461900224,0.33643719736946653,-7.4252996,0.0021259573542695143,-0.3063188995867652,0.01792696611050746,0.427621590191621,38.663723,0.007037990018074154,-0.09113269356293052,-2.0967396906571745,0.5372900096810221,36.54214,0.005671020776528923,-0.29332935748920497,0.005645354911532784,0.02454940178395614,-5.8933487,-0.0008618103996380798,-0.07263524575282002,1.8984169719660966,-0.05536681043061612,-0.31059313,-2.6169777298079566e-05,0.04400234529158788,0.7943279161645,-0.08969839104583247,2.092719,0.00014562587664834759,0.1029775301888356,1
99,-0.05668770388901769,-0.3224921089171659,35.98868,0.00433444342065558,0.5632999599330658,-0.16955682726473273,0.03011829778270133,-46.025963,-0.005360130460997314,-0.3734120429980167,0.024964956128581614,0.33648889662869047,-4.885131,-0.002079525532506416,-0.4234205132738801,-2.0910686698806455,0.2439606521918172,-40.526855,-0.0043031204520094235,-0.560812547883263,0.004783544511894704,-0.048085843968863874,-8.927214,-0.001371244960384666,-0.021210692061703944,1.8983908021887985,-0.011364465139028248,-10.874894,-0.0010383379515017666,-0.07224088827755021,0.7944735420411484,0.013279139143003138,7.662046,0.0013295511919083625,0.05236928237480063,1
