state_position_0,state_position_1,state_position_2,state_position_3,state_position_4,state_position_5,state_position_6,state_velocity_0,state_velocity_1,state_velocity_2,state_velocity_3,state_velocity_4,state_velocity_5,state_velocity_6,action_0,action_1,action_2,action_3,action_4,action_5,action_6,state_delta_position_0,state_delta_position_1,state_delta_position_2,state_delta_position_3,state_delta_position_4,state_delta_position_5,state_delta_position_6,state_delta_velocity_0,state_delta_velocity_1,state_delta_velocity_2,state_delta_velocity_3,state_delta_velocity_4,state_delta_velocity_5,state_delta_velocity_6
4.96976216e-05,-0.18499601,-4.63546468e-05,-2.08528506,-8.95942123e-06,1.90028276,0.785404067,0.0,0.0,0.0,0.0,0.0,0.0,0.0,-21.17424774169922,-66.65546417236328,69.57329559326172,50.4118766784668,2.928410053253174,-3.752708673477173,-4.881173610687256,-0.01595007089053469,-0.0015242223531822252,-0.0039949098327950235,0.005132043859683133,0.0016722596372342256,0.00015868291964205028,-0.001944957339514164,-0.3238015598426169,-0.030035079891707037,0.32400431184962947,0.05585445315839449,0.03055624757972219,-0.06979191608087608,-0.029875234684918425
-0.015900373268934693,-0.1865202323531822,-0.0040412644795950236,-2.080153016140317,0.0016633002160042255,1.9004414429196421,0.7834591096604858,-0.3238015598426169,-0.030035079891707037,0.32400431184962947,0.05585445315839449,0.03055624757972219,-0.06979191608087608,-0.029875234684918425,-9.744141578674316,45.29830551147461,-66.1545639038086,18.67628288269043,0.36430951952934265,-4.982968807220459,7.719786643981934,-0.01543274490237272,-0.008716218607757148,-0.004478635821513467,0.008243363029868611,0.002174392814909996,0.0025624563468094053,-0.003636460560319299,0.49084566314524397,0.06782281783626043,-0.4870818233953989,0.06900640289841566,-0.05902699390310551,0.009530669075716973,0.0686108673423903
4.96976216e-05,-0.18499601,-4.63546468e-05,-2.08528506,-8.95942123e-06,1.90028276,0.785404067,0.0,0.0,0.0,0.0,0.0,0.0,0.0,-66.398193359375,-30.97670555114746,-46.039669036865234,23.0275936126709,7.400571346282959,-3.0426077842712402,0.22422809898853302,-0.018095766829269756,-0.01090970359031651,0.0008014131602712231,0.010553978591381519,0.0014025720426174943,0.001577748491177422,-0.004701151394199021,-0.13441754926749083,-0.016114962347280853,0.05430681154804421,0.02353243256874878,0.03690304567565445,-0.037722667023386114,-0.03429220270475992
-0.018046069207669758,-0.1959057135903165,0.0007550585134712231,-2.0747310814086184,0.0013936126213874942,1.9018605084911775,0.780702915605801,-0.13441754926749083,-0.016114962347280853,0.05430681154804421,0.02353243256874878,0.03690304567565445,-0.037722667023386114,-0.03429220270475992,86.6039810180664,-38.13471603393555,-66.49624633789062,73.98118591308594,10.807472229003906,-0.3436436653137207,9.67842960357666,-0.012476089115607953,0.0066791647132820875,-0.004670230896498796,0.011239760114585273,0.001211222186041934,-0.0012485895242282385,-0.0004326002883706659,0.6875762831803423,0.029603930931040207,-0.6031647886425628,0.12505769164266842,-0.0329351501401999,-0.04511303578261039,0.10892067683141529
4.96976216e-05,-0.18499601,-4.63546468e-05,-2.08528506,-8.95942123e-06,1.90028276,0.785404067,0.0,0.0,0.0,0.0,0.0,0.0,0.0,10.544219970703125,77.31304168701172,-34.092018127441406,81.23953247070312,6.1391143798828125,9.389892578125,0.9756312966346741,-0.00846952983892015,0.006631332005413909,-0.0033527452839078914,0.017051483838354642,0.0032622492710813497,-0.0017324258433539796,0.0015907527429487311,0.16151977151836622,0.16289626970300267,-0.15789217072472614,0.24614789580317134,0.005739214337059834,-0.029739470756367997,0.007525721830626971
-0.00841983221732015,-0.17836467799458608,-0.0033990999307078914,-2.0682335761616453,0.00325328984985135,1.898550334156646,0.7869948197429487,0.16151977151836622,0.16289626970300267,-0.15789217072472614,0.24614789580317134,0.005739214337059834,-0.029739470756367997,0.007525721830626971,29.155162811279297,-11.992074966430664,23.89992332458496,63.812355041503906,4.427356243133545,-3.2765376567840576,-5.712129592895508,-0.01752290639140962,0.009140357992539316,-0.0009980684935811265,0.029393200293817756,0.0038933696031978582,-0.001424388138176358,0.0019511404202765537,-0.11272058429097949,-0.005518909868487493,0.13224948369446385,0.04417588398985825,0.023783918606492635,-0.029703962386486035,-0.028793215242393137
4.96976216e-05,-0.18499601,-4.63546468e-05,-2.08528506,-8.95942123e-06,1.90028276,0.785404067,0.0,0.0,0.0,0.0,0.0,0.0,0.0,-46.23881149291992,69.84404754638672,-47.74452209472656,-0.7026762962341309,-6.016685485839844,-0.5444225668907166,-5.273477554321289,-0.025300107077950374,0.0009674294996853405,-0.010439425047726903,0.02515292412871384,-0.0001483800830728209,0.0003802940664150434,0.0010729266031505036,-0.03779567178975977,0.0766123891089775,-0.022666760601784477,0.0633772004002088,-0.025198095413277152,-0.0021169818653086247,-0.04556550555084397
-0.025250409456350376,-0.18402858050031465,-0.010485779694526902,-2.060132135871286,-0.0001573395043028209,1.9006630540664151,0.7864769936031505,-0.03779567178975977,0.0766123891089775,-0.022666760601784477,0.0633772004002088,-0.025198095413277152,-0.0021169818653086247,-0.04556550555084397,-2.6086204051971436,61.930152893066406,60.80305099487305,25.429170608520508,1.6399307250976562,-2.026649236679077,-3.564735174179077,-0.017050296490250125,-0.009530989968529247,0.01793203900205306,0.009680611747488133,0.0036268685617898613,-0.0035780345091609433,-0.0019282213537906712,-0.19769587591457452,0.07485858494290795,0.2229531119266142,0.09099962652092528,0.03236247664863791,-0.026205809412564812,0.015988539962565825
4.96976216e-05,-0.18499601,-4.63546468e-05,-2.08528506,-8.95942123e-06,1.90028276,0.785404067,0.0,0.0,0.0,0.0,0.0,0.0,0.0,-60.373619079589844,-58.94282531738281,-60.836524963378906,-77.81529998779297,3.291314125061035,11.222234725952148,1.9232410192489624,-0.0017233807289696696,0.0015442660558448729,-0.018770665428628666,0.02384013533563678,0.00010216354459190922,-0.0007460337089699731,-0.0004494216233755788,-0.05933832631522886,-0.1398926432862474,-0.020591767625070638,-0.24537633032263195,0.028107680331740593,0.13434416246078393,-0.024932947139331942
-0.0016736831073696696,-0.18345174394415512,-0.018817020075428667,-2.061444924664363,9.320412336190923e-05,1.89953672629103,0.7849546453766244,-0.05933832631522886,-0.1398926432862474,-0.020591767625070638,-0.24537633032263195,0.028107680331740593,0.13434416246078393,-0.024932947139331942,-61.449951171875,-49.397247314453125,61.66361618041992,53.74561309814453,-8.431500434875488,10.752900123596191,-6.164830207824707,-0.002217219646791671,-0.0017044710135593888,-0.01823711082637442,0.021381825048813585,-0.0008718724158211645,-0.0005880534477831212,0.0007488467981716651,-0.43932838202291524,0.04306548619155026,0.40757882395933154,0.17085217945188758,-0.03898215763832836,-0.1174450245135942,-0.023426030859792436
4.96976216e-05,-0.18499601,-4.63546468e-05,-2.08528506,-8.95942123e-06,1.90028276,0.785404067,0.0,0.0,0.0,0.0,0.0,0.0,0.0,-31.707197189331055,69.80105590820312,38.2877311706543,57.313724517822266,4.100930213928223,-7.754761219024658,5.950072288513184,-0.004514641471185013,-0.00031890121556135687,-0.0019413470445480414,0.022340837991916995,0.0005226768125060944,-0.0007099732908462109,0.0021263949326096876,-0.2565650667200028,0.13057241655962332,0.24551502063808756,0.20240999645524954,0.022189988091625496,-0.09587739183488858,0.022080851394946793
-0.0044649438495850124,-0.18531491121556135,-0.0019877016913480415,-2.062944222008083,0.0005137173912760944,1.8995727867091539,0.7875304619326097,-0.2565650667200028,0.13057241655962332,0.24551502063808756,0.20240999645524954,0.022189988091625496,-0.09587739183488858,0.022080851394946793,-8.681774139404297,-50.39468765258789,60.8609504699707,-27.94748878479004,-7.989142417907715,-9.230681419372559,3.3569695949554443,0.002967038901480762,0.0029995789500543435,-0.014274370082262422,0.018452508628522768,0.0016321252547545698,0.0016700437104471,-0.001664332305117644,0.001878752523989613,-0.12464373511023759,0.028001333449584775,-0.18630136819435159,-0.041666323323924864,0.06600918883731426,0.018568420470835217
4.96976216e-05,-0.18499601,-4.63546468e-05,-2.08528506,-8.95942123e-06,1.90028276,0.785404067,0.0,0.0,0.0,0.0,0.0,0.0,0.0,-44.84272766113281,19.684673309326172,34.354164123535156,49.77788162231445,4.193299770355225,-9.465399742126465,0.1266138106584549,0.002625149908391795,0.0013654313261461104,-0.0098305976096807,0.0165540315756032,0.002192421365246769,-0.00042566607297267467,-0.00023230251287231773,-0.30402659307172797,0.06666406991031297,0.27467304582979457,0.13922629898309513,0.029721886513274138,-0.09751046300890692,-0.015269271785911287
0.002674847529991795,-0.18363057867385388,-0.0098769522564807,-2.0687310284243967,0.002183461944016769,1.8998570939270274,0.7851717644871277,-0.30402659307172797,0.06666406991031297,0.27467304582979457,0.13922629898309513,0.029721886513274138,-0.09751046300890692,-0.015269271785911287,-1.6651772260665894,73.89215087890625,30.20800018310547,35.87785339355469,-2.1151323318481445,-2.7692909240722656,9.82732105255127,0.0024435414997058522,0.005770232431489386,-0.021290330499982774,0.018322762019022498,0.0018622381318369927,0.0009054632942215868,-0.0013188211909578307,0.17880190751400912,0.09140951466095,-0.13861320076059175,0.09615581691631192,-0.045744750292393534,0.030653309634881054,0.08015570239601816
4.96976216e-05,-0.18499601,-4.63546468e-05,-2.08528506,-8.95942123e-06,1.90028276,0.785404067,0.0,0.0,0.0,0.0,0.0,0.0,0.0,23.288305282592773,43.4261360168457,-84.05274963378906,-60.98210906982422,9.098797798156738,-4.913650035858154,0.6627196073532104,0.00803975229143746,-0.009106434603026625,-0.014013076699591192,0.007745514613761273,0.0002390870151975648,-0.0010392983921880816,0.002652453428595214,0.3729968387637125,-0.006247363065562359,-0.3778154004538453,-0.0944631787682921,0.024610426860521423,0.03682305908035256,0.0005044304805408331
0.00808944991303746,-0.1941024446030266,-0.01405943134639119,-2.0775395453862386,0.0002301275939675648,1.899243461607812,0.7880565204285952,0.3729968387637125,-0.006247363065562359,-0.3778154004538453,-0.0944631787682921,0.024610426860521423,0.03682305908035256,0.0005044304805408331,-63.38388442993164,58.118255615234375,-42.398502349853516,55.660743713378906,1.0693327188491821,-5.2977423667907715,11.530976295471191,-0.019438696906555523,0.028891848764459827,0.01583059783408376,0.0367184014163624,-0.0006838066702492894,-0.0015042369207898254,0.003321858559732327,-0.4796863184482927,0.12594906547136417,0.3901739614538351,0.21941081415498895,-0.0022106697876229583,-0.11862463550925924,0.02228705356957906
4.96976216e-05,-0.18499601,-4.63546468e-05,-2.08528506,-8.95942123e-06,1.90028276,0.785404067,0.0,0.0,0.0,0.0,0.0,0.0,0.0,-55.74462127685547,22.495153427124023,-45.442630767822266,-20.13559913635254,-11.570635795593262,3.496145009994507,-10.330461502075195,-0.020116056813798588,0.00025653801194075454,-0.010293600075599619,0.008632393309696784,0.0030496523466496286,0.0009673836920534029,-0.0002562139709565425,-0.08840495645752715,0.005215315338478902,0.015056285749978273,-0.028414487444349004,-0.042334641211497145,0.036729991975936495,-0.07399643640707351
-0.02006635919219859,-0.18473947198805923,-0.010339954722399618,-2.076652666690303,0.0030406929254196287,1.9012501436920535,0.7851478530290434,-0.08840495645752715,0.005215315338478902,0.015056285749978273,-0.028414487444349004,-0.042334641211497145,0.036729991975936495,-0.07399643640707351,-53.646087646484375,-29.419387817382812,-10.817342758178711,-85.11331176757812,4.858621597290039,1.0949947834014893,6.339159965515137,0.0033781226479394286,-0.018319910225272518,-0.020359667976011638,-0.01072841872953667,0.002193868263725015,0.0004970045817240809,-0.0015043105557739356,-0.1380849265318021,-0.10929997649275618,0.0972982443684459,-0.2099459847456135,0.05829841091881738,0.06164813616473697,0.0535122515149659
4.96976216e-05,-0.18499601,-4.63546468e-05,-2.08528506,-8.95942123e-06,1.90028276,0.785404067,0.0,0.0,0.0,0.0,0.0,0.0,0.0,46.945560455322266,-3.583225965499878,60.38410568237305,-12.51363468170166,-4.247513771057129,-7.597530841827393,-9.951600074768066,-0.02282076678510729,-0.006167730045129216,-0.007341891336961688,0.0246138223014567,-0.0005943455048902012,0.0022737319187300375,-0.0016701262992590005,-0.002057253635810031,-0.014589788883444723,0.061644989335692624,-0.02267197285066156,-0.010608276395016708,-0.027493377333702364,-0.025728185472326418
-0.022771069163507292,-0.1911637400451292,-0.007388245983761688,-2.060671237698543,-0.0006033049261202012,1.90255649191873,0.783733940700741,-0.002057253635810031,-0.014589788883444723,0.061644989335692624,-0.02267197285066156,-0.010608276395016708,-0.027493377333702364,-0.025728185472326418,-8.094600677490234,-2.3410866260528564,-35.71165466308594,-60.40943145751953,11.034814834594727,-7.071512222290039,10.205852508544922,-0.014179815526884427,-0.010908629054954655,0.004517148078341398,0.012857946342900828,0.00028430496498682497,-0.0003597020032546361,0.00045403468188731644,0.10953914160959981,-0.05451945392065734,-0.1257369542780889,-0.1310695034832474,0.05020579910895693,0.039730250700751875,0.05426259453760105
4.96976216e-05,-0.18499601,-4.63546468e-05,-2.08528506,-8.95942123e-06,1.90028276,0.785404067,0.0,0.0,0.0,0.0,0.0,0.0,0.0,-16.780872344970703,-16.27924156188965,36.49877166748047,-82.88469696044922,3.518491268157959,-8.855586051940918,1.171324372291565,-0.010811537424986433,0.00020321199945319557,-0.015062582590060184,0.013193901273624853,-0.0004989391755705858,-0.00233897835835406,0.0007265431271444855,-0.19496776879922134,-0.09565040476373232,0.1890827747760486,-0.1953212958073712,0.04005999793525392,0.03541604792226727,-0.0030279466481547674
-0.010761839803386433,-0.1847927980005468,-0.015108937236860184,-2.072091158726375,-0.0005078985968005858,1.897943781641646,0.7861306101271445,-0.19496776879922134,-0.09565040476373232,0.1890827747760486,-0.1953212958073712,0.04005999793525392,0.03541604792226727,-0.0030279466481547674,-7.680302619934082,-80.08111572265625,-8.49154281616211,-47.92179489135742,-6.084318161010742,-5.92573881149292,-9.73099136352539,-0.016022730908659133,-0.0001332180492766566,-0.004369019557585074,0.0042361721239854155,-0.0008445758228182586,-0.001754279458674679,4.336463994591977e-05,0.1752787634801095,-0.09778176474381384,-0.17624268985052693,-0.1041832648329998,-0.055957886027026685,-0.031591785442432276,-0.03939842557817285
4.96976216e-05,-0.18499601,-4.63546468e-05,-2.08528506,-8.95942123e-06,1.90028276,0.785404067,0.0,0.0,0.0,0.0,0.0,0.0,0.0,30.723094940185547,-43.034915924072266,35.556453704833984,-14.361906051635742,2.2212767601013184,10.912911415100098,5.333958625793457,-0.01950064500431363,0.0009211846490192743,-0.011990397942856312,0.01811337845510863,-0.000625297782944582,-0.0021684865253714936,0.0019312775210003075,0.013435844560713782,-0.060857394028971924,0.02867933079908449,-0.08255082286355118,0.011650785621283525,0.06985642531968815,0.040635921718994945
-0.01945094738271363,-0.18407482535098071,-0.012036752589656311,-2.0671716815448913,-0.000634257204174582,1.8981142734746286,0.7873353445210003,0.013435844560713782,-0.060857394028971924,0.02867933079908449,-0.08255082286355118,0.011650785621283525,0.06985642531968815,0.040635921718994945,43.223697662353516,2.252668619155884,77.78193664550781,-57.45051956176758,-5.491409778594971,2.751359701156616,-11.403072357177734,-0.020364806487097434,-0.0025839648367397827,-0.003736068368137852,-0.0014527834214330682,-0.001676626727070811,0.0007334683642750139,0.0010752775753360977,-0.0738780461255554,-0.03184143219462741,0.12909527423247236,-0.09016620245646191,-0.009582392552969119,0.013886709273170303,-0.06058199961717149
4.96976216e-05,-0.18499601,-4.63546468e-05,-2.08528506,-8.95942123e-06,1.90028276,0.785404067,0.0,0.0,0.0,0.0,0.0,0.0,0.0,33.80517578125,78.34431457519531,28.075973510742188,43.543724060058594,4.499919414520264,0.6570287942886353,-7.524967670440674,0.018691492039760407,0.04006492263742248,-0.057930385206100006,0.06754762751955168,-0.0035839420833628415,-0.003408498470443666,0.001147135590210735,0.04637995436089017,0.12895909570436925,-0.010467025617733026,0.17500277406318443,0.01914354119160555,-0.04006578414702835,-0.025540255648195995
0.018741189661360406,-0.1449310873625775,-0.05797673985290001,-2.0177374324804482,-0.0035929015045928414,1.8968742615295564,0.7865512025902107,0.04637995436089017,0.12895909570436925,-0.010467025617733026,0.17500277406318443,0.01914354119160555,-0.04006578414702835,-0.025540255648195995,75.04461669921875,-16.404027938842773,-67.48888397216797,41.552398681640625,6.47956657409668,0.06757459789514542,7.020493507385254,0.027372218809032196,0.03108968806057849,-0.03676796779461399,0.031984336357389065,-0.00043354656662504716,0.0006734670104173723,-0.001783840509576251,0.5248734812796646,-0.017776899172988053,-0.49079507735902117,0.01238516191148789,-0.01091602561568306,0.008212821796879745,0.06571121128748808
4.96976216e-05,-0.18499601,-4.63546468e-05,-2.08528506,-8.95942123e-06,1.90028276,0.785404067,0.0,0.0,0.0,0.0,0.0,0.0,0.0,44.422733306884766,35.93476486206055,-7.151946067810059,2.8463761806488037,-9.572392463684082,-11.478557586669922,7.394750595092773,0.03028654608740626,0.042528504729081124,-0.055033619004136135,0.05301436459615427,-0.004969441405987378,-0.0036637663088692207,-0.0016193052010068376,0.21803543305952244,0.04302803576005671,-0.17880945339557605,0.05459093721650489,-0.060327126394711626,-0.06286771301863403,0.05959022610980883
0.03033624370900626,-0.14246750527091886,-0.055079973650936136,-2.0322706954038456,-0.004978400827217378,1.8966189936911309,0.7837847617989931,0.21803543305952244,0.04302803576005671,-0.17880945339557605,0.05459093721650489,-0.060327126394711626,-0.06286771301863403,0.05959022610980883,80.36573791503906,77.32142639160156,-83.71784973144531,-55.227691650390625,6.2011260986328125,-9.247478485107422,8.57174301147461,0.007395511952399413,0.03524400730618604,-0.053251489412667184,0.027991600400178118,-0.004508101768862158,-0.003953847708078273,-0.00010051440194713823,0.43051940457897087,0.02081553493915477,-0.41593836920321736,-0.073236489037021,0.05725212153681721,0.055975612946713466,0.005145421883499375
4.96976216e-05,-0.18499601,-4.63546468e-05,-2.08528506,-8.95942123e-06,1.90028276,0.785404067,0.0,0.0,0.0,0.0,0.0,0.0,0.0,85.57649230957031,-59.628631591796875,-26.841503143310547,-39.63642883300781,7.507240295410156,7.83125114440918,-2.9420320987701416,0.000993867655923098,0.003045069357662439,0.004847309171094512,-0.0005006808295449083,-0.0011872269282024786,0.001274631260086867,-0.002067763594708394,0.44700215613373506,-0.10029628644257269,-0.3804296423447564,-0.15168074798083925,0.01876098469348613,0.07971108282824878,0.010304802772672957
0.001043565277523098,-0.18195094064233755,0.004800954524294512,-2.085785740829545,-0.0011961863494324787,1.901557391260087,0.7833363034052916,0.44700215613373506,-0.10029628644257269,-0.3804296423447564,-0.15168074798083925,0.01876098469348613,0.07971108282824878,0.010304802772672957,-25.776613235473633,67.90452575683594,-55.56681823730469,-34.711429595947266,10.123037338256836,6.9166717529296875,-4.629900932312012,-0.0069157576615365614,0.007685507440587019,-0.013003595699959736,0.011077247484991837,0.0007676085935635648,0.0042570092656657454,-0.0006251694382374273,-0.325826627748923,0.07364924096848101,0.24591903909488097,0.03877068391087074,0.05827964919851821,0.0005312186442738148,-0.06810552692889127
4.96976216e-05,-0.18499601,-4.63546468e-05,-2.08528506,-8.95942123e-06,1.90028276,0.785404067,0.0,0.0,0.0,0.0,0.0,0.0,0.0,-64.99440002441406,81.41667938232422,-26.75096321105957,-12.736559867858887,11.155529975891113,5.539841651916504,-3.661696672439575,-0.03021069940568415,0.007547611191735193,0.007641218283057026,0.0014570069495971616,-0.0066527992008441625,-0.003031413285679907,-0.007889492758775374,-0.18875915751563188,0.07762541956689914,0.11930468722416997,0.03696299715551848,0.06468241476962257,0.04327619633516623,-0.05271055931662357
-0.03016100178408415,-0.1774483988082648,0.007594863636257026,-2.0838280530504028,-0.006661758622074162,1.8972513467143202,0.7775145742412246,-0.18875915751563188,0.07762541956689914,0.11930468722416997,0.03696299715551848,0.06468241476962257,0.04327619633516623,-0.05271055931662357,53.27840805053711,41.10126876831055,32.80409622192383,-85.0667495727539,-0.9835497736930847,5.0973968505859375,-6.877319812774658,0.0207049757305559,0.020330052906874063,-0.012879307026830312,-0.0040717154707734515,-0.003657544556956784,0.003837840804449044,-0.002045497339832947,0.2684911408737103,-0.044274097744084744,-0.19554288505521067,-0.16987476070239857,-0.04093935512729136,0.08480525095629098,0.03297955489819873
4.96976216e-05,-0.18499601,-4.63546468e-05,-2.08528506,-8.95942123e-06,1.90028276,0.785404067,0.0,0.0,0.0,0.0,0.0,0.0,0.0,-60.64500045776367,-85.28961181640625,-71.0258560180664,-78.18278503417969,-7.994357109069824,10.647363662719727,10.34676742553711,-0.0031005607400476872,-0.008788479776983465,-0.004120377523399736,-0.011397037215222117,-0.001235931764924208,0.0020409639482223962,0.0008852928183492592,-0.261779887291666,-0.5688129637905932,-0.32273184081634093,-0.6705694144533038,-0.06982654927514514,0.07597774148653731,0.057104862786032405
-0.0030508631184476874,-0.19378448977698345,-0.004166732170199736,-2.096682097215222,-0.001244891186154208,1.9023237239482225,0.7862893598183492,-0.261779887291666,-0.5688129637905932,-0.32273184081634093,-0.6705694144533038,-0.06982654927514514,0.07597774148653731,0.057104862786032405,-15.66812801361084,-46.52122497558594,-14.632772445678711,-23.28098487854004,-10.347580909729004,3.2624337673187256,-8.051872253417969,-0.004728710296232825,-0.007543424869970755,-0.00471383049138353,-0.005947383926929284,-0.0016243730138488775,-1.8064187048860703e-05,-0.0009082750614261004,0.061145876501701196,0.22639120454494338,0.12645714771145877,0.4558779947577689,-0.011271375905846912,-0.0578404154760393,-0.1126525723934849
4.96976216e-05,-0.18499601,-4.63546468e-05,-2.08528506,-8.95942123e-06,1.90028276,0.785404067,0.0,0.0,0.0,0.0,0.0,0.0,0.0,-22.747196197509766,46.94219207763672,-51.292724609375,29.138948440551758,0.8274970054626465,-11.057734489440918,-7.364891529083252,0.00014406633161374882,0.004247189857033706,-0.004013327782233809,0.004801858729484465,4.421525601561497e-05,-0.0017253514158936945,-0.0014612015289358071,-0.05094928059396496,0.28353913357186733,-0.2665552164086381,0.27561395929088117,0.005262804121029548,-0.07902595488007103,-0.07248493345321957
0.0001937639532137488,-0.18074882014296628,-0.004059682429033809,-2.0804832012705154,3.525583478561497e-05,1.8985574085841064,0.7839428654710642,-0.05094928059396496,0.28353913357186733,-0.2665552164086381,0.27561395929088117,0.005262804121029548,-0.07902595488007103,-0.07248493345321957,-82.29280090332031,-22.268310546875,-35.863277435302734,-29.734272003173828,-3.0525918006896973,11.611090660095215,-9.973091125488281,-0.009321062366209512,-0.00058802332165242,-0.0017324861791935741,-0.003625903310882528,-0.0003590964171772845,0.0020653421973120256,-0.001993903964825239,-0.47759256217743906,-0.39749291319631996,0.11727062154561196,-0.536562458843165,-0.03279401133179061,0.1677433274600239,-0.020607168541722898
4.96976216e-05,-0.18499601,-4.63546468e-05,-2.08528506,-8.95942123e-06,1.90028276,0.785404067,0.0,0.0,0.0,0.0,0.0,0.0,0.0,36.839134216308594,82.67623138427734,-24.391929626464844,-66.15337371826172,-10.504961013793945,-4.32782506942749,-10.81078052520752,0.005305777164762222,0.003714821725511186,-0.00442940361260479,-0.004232398002786297,-0.0013851510292530738,0.0006279079663473741,-0.001502925159482249,0.27601910326470463,0.3206047370728012,-0.21376094363419895,-0.3127036984279371,-0.07663777865779055,0.011964120113782157,-0.08347685532004469
0.0053554747863622226,-0.1812811882744888,-0.00447575825940479,-2.089517458002786,-0.0013941104504830739,1.9009106679663474,0.7839011418405177,0.27601910326470463,0.3206047370728012,-0.21376094363419895,-0.3127036984279371,-0.07663777865779055,0.011964120113782157,-0.08347685532004469,-22.881589889526367,-51.59251403808594,-0.9002308249473572,-2.384796619415283,-2.3980183601379395,-8.91167163848877,-4.6336493492126465,-0.002210569762018192,0.0009409624300164843,0.0013628194689859472,-0.005274122206068821,-0.0005690833273606056,-0.0022702909099996393,-0.0010031681683162486,-0.41234703263422784,-0.4218030306324628,0.2593145800766359,0.10471491317604681,0.051007461438642376,-0.1231713933116238,0.04103467355786491
4.96976216e-05,-0.18499601,-4.63546468e-05,-2.08528506,-8.95942123e-06,1.90028276,0.785404067,0.0,0.0,0.0,0.0,0.0,0.0,0.0,15.829668045043945,25.636842727661133,-76.75575256347656,-16.276084899902344,-5.1855549812316895,-0.7737976908683777,-10.518315315246582,0.005648234991995036,0.0012668173173366326,-0.008631092272056887,-0.0008963326416648876,-0.0008092700015127547,0.0002281572392663911,-0.0018394738535116861,0.23497368386472964,0.10426412984063474,-0.49082676868581,-0.06951533317203495,-0.041624269732557215,0.006937242345011001,-0.09542097965932778
0.005697932613595036,-0.18372919268266336,-0.008677446918856887,-2.086181392641665,-0.0008182294227427547,1.9005109172392665,0.7835645931464883,0.23497368386472964,0.10426412984063474,-0.49082676868581,-0.06951533317203495,-0.041624269732557215,0.006937242345011001,-0.09542097965932778,-74.49128723144531,71.51101684570312,10.921676635742188,-57.792537689208984,-5.476346969604492,-11.193300247192383,0.3395523726940155,-0.010410378719482853,0.004530241839924926,0.002962691266030538,-0.004526466355717851,-0.0006605640148399297,-0.0007256696037045707,-0.00026227317007332385,-0.7815897647630956,0.2185543894417523,0.6257231744717292,-0.23376563702436798,0.0014106900378735923,-0.06155754693092225,0.0938160537032277
4.96976216e-05,-0.18499601,-4.63546468e-05,-2.08528506,-8.95942123e-06,1.90028276,0.785404067,0.0,0.0,0.0,0.0,0.0,0.0,0.0,53.88917541503906,-11.342066764831543,-76.48818969726562,-57.156856536865234,-2.3440072536468506,-7.656798839569092,-1.0886619091033936,0.009831859256289476,-0.0027684032764467292,-0.010541872658991014,-0.006425708661486951,-0.00038019090276004725,-0.0004995584851754664,-0.000241249693260559,0.4745218132428736,-0.1537754481562276,-0.5564306109288276,-0.40427779826402055,-0.018206805568011828,-0.04883649229286886,-0.013690037469624855
0.009881556877889476,-0.18776441327644672,-0.010588227305791013,-2.091710768661487,-0.00038915032399004725,1.8997832015148246,0.7851628173067394,0.4745218132428736,-0.1537754481562276,-0.5564306109288276,-0.40427779826402055,-0.018206805568011828,-0.04883649229286886,-0.013690037469624855,86.68331909179688,24.48789405822754,-50.91014862060547,-61.48403549194336,2.656925678253174,8.826658248901367,4.568258285522461,0.01153468026413415,-0.0001566683242020528,-0.010526039938236493,-0.007917454491041198,0.00043327058931235513,0.0016178431102622515,0.0008907174077392721,0.13844540722038162,0.21695002680195327,0.0691137603556436,-0.004490232656005122,0.04363207512425034,0.13572588284575324,0.058227541089378373
4.96976216e-05,-0.18499601,-4.63546468e-05,-2.08528506,-8.95942123e-06,1.90028276,0.785404067,0.0,0.0,0.0,0.0,0.0,0.0,0.0,-54.75554656982422,-30.5828857421875,-79.63998413085938,-71.85389709472656,3.5279886722564697,-10.75805377960205,-5.82712984085083,-0.002039287171984688,-0.004750324717834209,-0.005320260412233927,-0.00865206168583299,0.0005152367043007868,-0.0008915732270549093,-0.0015712844965677375,-0.20859013070363128,-0.28146813262450426,-0.3852653588946365,-0.5347677456315525,0.02388550248346017,-0.07576150413879935,-0.07150754404535965
-0.0019895895503846883,-0.1897463347178342,-0.005366615059033927,-2.093937121685833,0.0005062772830707868,1.8993911867729452,0.7838327825034322,-0.20859013070363128,-0.28146813262450426,-0.3852653588946365,-0.5347677456315525,0.02388550248346017,-0.07576150413879935,-0.07150754404535965,21.01211929321289,-33.25999069213867,53.45597839355469,-32.47433853149414,11.206857681274414,-2.4828357696533203,-10.731307983398438,-0.004187193620864408,-0.004198588888006033,0.00023114632356794652,-0.006937998967022185,0.0018044674105436717,-0.0008820177087605074,-0.0009663470336206403,0.11899255968690349,0.07278484071304886,0.5313829838710019,0.2391128492056222,0.07014819502675901,0.04687244319108497,0.014791591679366597
4.96976216e-05,-0.18499601,-4.63546468e-05,-2.08528506,-8.95942123e-06,1.90028276,0.785404067,0.0,0.0,0.0,0.0,0.0,0.0,0.0,46.32876205444336,22.007831573486328,-13.178613662719727,-45.55738067626953,-6.103841304779053,-5.298105239868164,-5.208352565765381,0.005760013986624353,5.409839261324989e-05,-0.003761065823234906,-0.004056248984574573,-0.0008145832472669275,-0.00010634342530990715,-0.0005790205183433539,0.31513526186635094,0.040105649290394875,-0.16296718440353425,-0.2712650734074483,-0.044536647791454706,-0.021928726497281743,-0.035296681578647106
0.005809711608224353,-0.18494191160738674,-0.003807420470034906,-2.0893413089845745,-0.0008235426684969275,1.9001764165746902,0.7848250464816566,0.31513526186635094,0.040105649290394875,-0.16296718440353425,-0.2712650734074483,-0.044536647791454706,-0.021928726497281743,-0.035296681578647106,-32.379276275634766,73.9162368774414,53.54751968383789,-28.177242279052734,0.6096603274345398,-0.7581248879432678,3.115539312362671,-0.0053386443014213835,0.005947970920549356,0.008024727413129665,-0.002483784045173021,0.00015953061334044577,0.00017155100800048118,0.00038790654505049815,-0.5812561013535811,0.36674640335530817,0.5775896553168915,0.15270239147531883,0.052170715649165915,0.037779327157295116,0.06158386530333332
4.96976216e-05,-0.18499601,-4.63546468e-05,-2.08528506,-8.95942123e-06,1.90028276,0.785404067,0.0,0.0,0.0,0.0,0.0,0.0,0.0,8.309545516967773,-16.74559211730957,-41.63957214355469,29.768251419067383,-10.25753402709961,-7.690177917480469,-5.648960113525391,0.003020979217222767,-0.00026295301052275954,-0.004670511428065035,0.0027190208075555944,-0.0016257935935002617,-0.0015936682208390618,-0.0009681346862769891,0.12474286450993638,-0.04227610270333404,-0.26592668396174074,0.17660758134111337,-0.08433408327459413,-0.07410575310558992,-0.05146927924179745
0.003070676838822767,-0.18525896301052275,-0.004716866074865035,-2.0825660391924443,-0.0016347530147302618,1.898689091779161,0.784435932313723,0.12474286450993638,-0.04227610270333404,-0.26592668396174074,0.17660758134111337,-0.08433408327459413,-0.07410575310558992,-0.05146927924179745,-65.83316802978516,66.06845092773438,4.158088207244873,-5.005436897277832,-0.026459533721208572,0.7781763076782227,-11.818290710449219,-0.008399349855679025,0.0033705015718915043,0.002684809444103883,0.0028639047283705032,5.887025789124605e-05,0.0007434904410041909,-0.0021058724136051588,-0.5788412774821705,0.32611741785341103,0.3721207232128835,-0.07230879853924266,0.08680561802104625,0.11108267969706409,-0.04917304313910341
4.96976216e-05,-0.18499601,-4.63546468e-05,-2.08528506,-8.95942123e-06,1.90028276,0.785404067,0.0,0.0,0.0,0.0,0.0,0.0,0.0,72.36930847167969,-52.14268112182617,46.019195556640625,34.31072235107422,-1.200984001159668,-2.3741676807403564,1.9847220182418823,0.005588528728597736,-0.0025120335349967104,0.0009395312820063514,0.0020087212972281776,-0.00021440313400878538,-0.0010568215231048228,0.0009041991178284636,0.3736726789943778,-0.20918615098025883,0.14732723987366156,0.15162251047407463,-0.009027363420992918,-0.04522899255607429,0.037611500434405636
0.005638226350197736,-0.1875080435349967,0.0008931766352063514,-2.0832763387027717,-0.00022336255523878538,1.8992259384768952,0.7863082661178284,0.3736726789943778,-0.20918615098025883,0.14732723987366156,0.15162251047407463,-0.009027363420992918,-0.04522899255607429,0.037611500434405636,32.1505241394043,-48.74776077270508,81.53888702392578,-72.68289947509766,3.6140854358673096,1.7782210111618042,-6.496979236602783,0.002500889437952095,-0.008825960265879285,0.009967698588367614,-0.007613216770828046,0.0008174602014437024,0.0011864176580105301,-0.0007361808284634952,-0.2082359927079719,-0.26038366962460296,0.40024456903655203,-0.6580209989638494,0.04286975868090548,0.0760024125362315,-0.0788654578325674
4.96976216e-05,-0.18499601,-4.63546468e-05,-2.08528506,-8.95942123e-06,1.90028276,0.785404067,0.0,0.0,0.0,0.0,0.0,0.0,0.0,-41.09370803833008,24.494342803955078,60.2624626159668,70.8668441772461,-11.872913360595703,0.9845939874649048,-9.871429443359375,-0.007628953733504104,0.004128170182772839,0.008191825190565029,0.00844831569478055,-0.0017316939182823875,-0.0005813953764959301,-0.001359276801896292,-0.36667257468892506,0.24099386522319097,0.434966997159435,0.5216614098181338,-0.09503005566335043,-0.002620020942007579,-0.07382628219934835
-0.0075792561119041035,-0.18086783981722715,0.00814547054376503,-2.0768367443052194,-0.0017406533395123876,1.8997013646235041,0.7840447901981037,-0.36667257468892506,0.24099386522319097,0.434966997159435,0.5216614098181338,-0.09503005566335043,-0.002620020942007579,-0.07382628219934835,-55.89228820800781,79.64936065673828,36.484657287597656,-81.74291229248047,-7.573622226715088,-3.6331253051757812,-10.540579795837402,-0.007449842215191946,0.0033506586652868875,0.007286514635377706,-0.0037022961639423535,-0.0009824638764165813,0.0015238420702532451,-0.0018212711474694387,-0.026425933722863115,0.014587314322118156,-0.09366459473876942,-0.9193761020721434,0.04135442771819137,0.030265792465837726,-0.014284991367923966
4.96976216e-05,-0.18499601,-4.63546468e-05,-2.08528506,-8.95942123e-06,1.90028276,0.785404067,0.0,0.0,0.0,0.0,0.0,0.0,0.0,6.456564426422119,31.725479125976562,3.8257555961608887,-74.6011962890625,-10.425310134887695,1.947316288948059,-2.566528081893921,0.000506981533172369,-0.00020919500070198938,5.415416638311526e-07,-0.006923024750451479,-0.00136860093359023,0.0013702845006087205,-0.00030357524702717686,0.0338005946320229,0.04510809232088895,0.00999309683061141,-0.454126647047175,-0.0781598848946309,0.04636417428340864,-0.018014877288181814
0.000556679154772369,-0.18520520500070198,-4.5813105136168844e-05,-2.0922080847504514,-0.0013775603548202302,1.9016530445006088,0.7851004917529728,0.0338005946320229,0.04510809232088895,0.00999309683061141,-0.454126647047175,-0.0781598848946309,0.04636417428340864,-0.018014877288181814,-44.3127555847168,52.33073425292969,-74.56473541259766,-66.92417907714844,-0.9554511308670044,-0.7104467749595642,11.477238655090332,-0.0006766485563655109,0.0038433297287023827,-0.0048912634703473816,-0.00853853443565944,-0.000373304430195117,0.0003467097180656076,0.0010519106917674659,-0.16777561495204812,0.2215580080116968,-0.3657514186274553,0.009883540980211158,0.06791626847414876,-0.03289243100350297,0.08517135013828145
4.96976216e-05,-0.18499601,-4.63546468e-05,-2.08528506,-8.95942123e-06,1.90028276,0.785404067,0.0,0.0,0.0,0.0,0.0,0.0,0.0,9.970646858215332,63.329132080078125,-77.12677764892578,13.738358497619629,-8.921399116516113,9.099196434020996,-2.859715700149536,0.0051094721271385726,0.0050312952580784664,-0.008306772962095803,0.003475760793857141,-0.0014047506792497161,0.0015357088130680818,-0.0007062009975330463,0.20207963510572752,0.350259520904492,-0.4795827080307061,0.19268792083286415,-0.07064291585092959,0.08939712432789955,-0.03601533567208118
0.005159169748738573,-0.17996471474192152,-0.008353127608895802,-2.0818092992061428,-0.0014137101004797162,1.9018184688130682,0.7846978660024669,0.20207963510572752,0.350259520904492,-0.4795827080307061,0.19268792083286415,-0.07064291585092959,0.08939712432789955,-0.03601533567208118,-80.63217163085938,-62.68299865722656,-33.81547546386719,-64.38758087158203,-11.352069854736328,-6.25114107131958,-1.0033893585205078,-0.009107062801350086,-0.0037926772358679584,-0.0015103547399775222,-0.00904418203838775,-0.001669163345944354,-0.00032928516371977246,-0.0006462421647293048,-0.7217220844567886,-0.7017984202009184,0.3434814125587585,-0.7688138676621703,-0.024348777451930065,-0.1498753017178052,0.014173937938062615
4.96976216e-05,-0.18499601,-4.63546468e-05,-2.08528506,-8.95942123e-06,1.90028276,0.785404067,0.0,0.0,0.0,0.0,0.0,0.0,0.0,20.78262710571289,-16.3400821685791,-10.64685344696045,-47.22212219238281,10.279155731201172,1.9233498573303223,8.871092796325684,0.0028535894752030194,-0.002728197652082237,-0.002116400793212018,-0.005645396262343727,0.0015415406771733522,0.0007695405810301814,0.001348415863173913,0.15088732543565703,-0.15899874847574147,-0.1000620255613616,-0.3472872526102406,0.08280059814546793,0.02219239033094161,0.07196599307694355
0.002903287096803019,-0.18772420765208223,-0.002162755440012018,-2.0909304562623436,0.001532581255943352,1.9010523005810303,0.7867524828631739,0.15088732543565703,-0.15899874847574147,-0.1000620255613616,-0.3472872526102406,0.08280059814546793,0.02219239033094161,0.07196599307694355,-34.89281463623047,-85.67744445800781,-9.63809585571289,73.36296081542969,1.963394284248352,8.922111511230469,9.753182411193848,-0.0030967553176268073,-0.003994509343672209,0.0010797433291637381,0.0033143810373492677,0.0001674473211270061,-0.000445712462214809,0.0012994110722411856,-0.347935925690609,-0.1512928249112151,0.11312050267995463,0.6866788954414742,-0.07603488743928438,-0.005261937994762215,-0.0040845318569866645
4.96976216e-05,-0.18499601,-4.63546468e-05,-2.08528506,-8.95942123e-06,1.90028276,0.785404067,0.0,0.0,0.0,0.0,0.0,0.0,0.0,63.56901550292969,-81.2081298828125,76.0675048828125,-53.41881561279297,-7.743165016174316,9.052326202392578,8.730522155761719,0.0030655785408194107,-0.0074876339982441475,0.004397141611329639,-0.008470149405981342,-0.0010017009564841754,0.0015290212001570769,0.0020169859008192237,0.2647349175793192,-0.4976109395137353,0.34253715248059075,-0.4913638015277975,-0.05738001445338744,0.05830721886559655,0.09579321376942102
0.0031152761624194105,-0.19248364399824414,0.004350786964529639,-2.0937552094059813,-0.0010106603777141755,1.9018117812001571,0.7874210529008192,0.2647349175793192,-0.4976109395137353,0.34253715248059075,-0.4913638015277975,-0.05738001445338744,0.05830721886559655,0.09579321376942102,1.606393814086914,-27.062353134155273,55.53372573852539,25.38292694091797,4.941614627838135,1.230903148651123,4.450485706329346,0.0011997198410150043,-0.004521973412215413,0.009748291662788124,0.0007411976632383244,0.0005504032158676225,-0.0005943593581094753,0.0006429726361772969,-0.22040714183203633,0.32161543868030285,0.1307276179729276,0.6488799972003373,0.09381899048342418,-0.05959895484379822,-0.06399578167073024
4.96976216e-05,-0.18499601,-4.63546468e-05,-2.08528506,-8.95942123e-06,1.90028276,0.785404067,0.0,0.0,0.0,0.0,0.0,0.0,0.0,-45.075191497802734,-39.673988342285156,35.8653450012207,-85.79159545898438,-5.763796329498291,-4.1296916007995605,9.719354629516602,-0.006826781003575418,-0.005788476861451869,0.005906698268783851,-0.01045053519374406,-0.0006873720722935146,0.0002024211079809657,0.00138385760601345,-0.34979090262021606,-0.34646287037461104,0.29313389402101314,-0.6433472453174978,-0.04423369508890764,-0.022776304648391924,0.07607299587920019
-0.006777083381975418,-0.19078448686145186,0.005860343621983851,-2.095735595193744,-0.0006963314935235146,1.900485181107981,0.7867879246060134,-0.34979090262021606,-0.34646287037461104,0.29313389402101314,-0.6433472453174978,-0.04423369508890764,-0.022776304648391924,0.07607299587920019,-20.990814208984375,14.574092864990234,-4.790407657623291,-81.70124053955078,9.53514575958252,-9.842260360717773,-2.0853488445281982,-0.002327778805734322,-0.002777106178472405,0.00047505798545565813,-0.010957101538744407,0.0013344096598048932,-0.0011440920857237469,-0.0003364589412558905,0.22045273361347204,0.29948737607786663,-0.2901805138619763,0.08908736172691734,0.12124962789118696,-0.03509602687073056,-0.09644062993652851
4.96976216e-05,-0.18499601,-4.63546468e-05,-2.08528506,-8.95942123e-06,1.90028276,0.785404067,0.0,0.0,0.0,0.0,0.0,0.0,0.0,-6.391404628753662,26.580575942993164,64.48893737792969,30.846420288085938,7.842644691467285,3.0073723793029785,8.773446083068848,-0.0039367913734396675,0.0029949685498070477,0.006932696013380536,0.004185798378027794,0.0011920075397107302,0.00022204039047668545,0.001571698711782088,-0.15164111751255602,0.19055430138131293,0.40197547013376994,0.2527263682950824,0.06413457465746994,0.02458477796231709,0.08084267818139056
-0.0038870937518396672,-0.18200104145019294,0.006886341366580536,-2.081099261621972,0.0011830481184807301,1.9005048003904768,0.7869757657117821,-0.15164111751255602,0.19055430138131293,0.40197547013376994,0.2527263682950824,0.06413457465746994,0.02458477796231709,0.08084267818139056,-55.97401809692383,-30.67768096923828,-44.55072021484375,-76.05481719970703,9.868342399597168,-7.150731086730957,7.772122859954834,-0.0023082080135539557,-0.0038891889526085632,0.00020899486387161974,-0.008299333075299842,0.001567270792341744,-2.7759605484067862e-05,0.0005727409810014628,-0.06818643393538165,-0.4651078954735689,-0.51067269462414,-0.819533349753012,0.010990643548324935,-0.07070108478875266,-0.04419926709322448
4.96976216e-05,-0.18499601,-4.63546468e-05,-2.08528506,-8.95942123e-06,1.90028276,0.785404067,0.0,0.0,0.0,0.0,0.0,0.0,0.0,0.17321427166461945,64.1051254272461,60.51035690307617,-35.96977233886719,0.6358517408370972,2.4583075046539307,-7.746456146240234,-0.003080541954698669,0.0034429751126808517,0.006086017658232847,-0.0016919604960179413,0.00031811386132595725,0.001160521355640487,-0.0008652931299873989,-0.10493930917053583,0.2768015353833838,0.3630098391732244,-0.1389464997268899,0.011381224928402276,0.05101980476308951,-0.04919226995143403
-0.0030308443330986693,-0.18155303488731914,0.006039663011432847,-2.086977020496018,0.00030915444009595725,1.9014432813556406,0.7845387738700126,-0.10493930917053583,0.2768015353833838,0.3630098391732244,-0.1389464997268899,0.011381224928402276,0.05101980476308951,-0.04919226995143403,28.999624252319336,62.46119689941406,69.86898803710938,-68.00656127929688,-5.518731117248535,-6.162449836730957,-10.62352466583252,0.0013015168589239237,0.005834754726024655,0.0074824111857832495,-0.007049091260770801,-0.0006378366446788712,-6.871369397809524e-05,-0.001286871753903629,0.22347256986924174,0.06316626474564335,0.0685982723983139,-0.2913357301514745,-0.049123129915426375,-0.07548936538969106,-0.022438389045972222
4.96976216e-05,-0.18499601,-4.63546468e-05,-2.08528506,-8.95942123e-06,1.90028276,0.785404067,0.0,0.0,0.0,0.0,0.0,0.0,0.0,74.12464904785156,-8.982333183288574,55.806427001953125,-65.82637023925781,10.068111419677734,8.39460563659668,8.383707046508789,0.005323805524475895,-0.0026999062931511997,0.0018574970395859374,-0.007408836678091113,0.001655991869609901,0.001997935118544847,0.0018782480774265364,0.3703931179118289,-0.14302859108316243,0.20442724262254508,-0.4603953364944439,0.08691365804500284,0.08111069921444264,0.09084361575087976
0.005373503146075895,-0.1876959162931512,0.0018111423927859374,-2.092693896678091,0.0016470324483799008,1.902280695118545,0.7872823150774265,0.3703931179118289,-0.14302859108316243,0.20442724262254508,-0.4603953364944439,0.08691365804500284,0.08111069921444264,0.09084361575087976,-83.00022888183594,-20.37666130065918,6.581042289733887,-72.91987609863281,-11.701784133911133,11.89224624633789,3.713634490966797,-0.005949628615824896,-0.0036948803137751562,0.008691995041683916,-0.010926996756110974,-0.0015758718680159614,0.002020475690156731,-6.0596679455127145e-05,-0.7879358339831367,-0.04589104214851428,0.10995982547610356,-0.10712494617133411,-0.18505924538150356,0.016242264034574058,-0.08814947827637051
4.96976216e-05,-0.18499601,-4.63546468e-05,-2.08528506,-8.95942123e-06,1.90028276,0.785404067,0.0,0.0,0.0,0.0,0.0,0.0,0.0,-81.19453430175781,44.45751190185547,27.438600540161133,11.104966163635254,-0.9369667768478394,11.756604194641113,-7.014788627624512,-0.010343532420402774,0.0035648263658181467,0.006943760294203145,0.0025329531900863955,-5.4280385998818157e-05,0.0018503463923320584,-0.0013385865336894565,-0.5595948745790761,0.24845594862646714,0.31006660263802627,0.1440989296148622,-0.007801985991320899,0.10475086364999762,-0.06453007736442067
-0.010293834798802774,-0.18143118363418184,0.006897405647403145,-2.0827521068099135,-6.323980722881815e-05,1.9021331063923321,0.7840654804663105,-0.5595948745790761,0.24845594862646714,0.31006660263802627,0.1440989296148622,-0.007801985991320899,0.10475086364999762,-0.06453007736442067,-24.38947296142578,85.79186248779297,-27.082204818725586,-10.080055236816406,11.734718322753906,-9.386985778808594,7.0423078536987305,-0.002566009421090835,0.007841082332285226,-0.002775267619226058,0.0019311044991932036,0.0016453292355569542,-0.0005908259961466822,0.0008737475057140065,0.4152044214780684,0.2300153962788523,-0.47512136640971525,-0.09759339103499942,0.10373678277044256,-0.15192932654160637,0.1154119648362284
4.96976216e-05,-0.18499601,-4.63546468e-05,-2.08528506,-8.95942123e-06,1.90028276,0.785404067,0.0,0.0,0.0,0.0,0.0,0.0,0.0,-25.305030822753906,36.6806526184082,-8.62023639678955,29.83287811279297,-2.5679492950439453,-4.377693176269531,-8.991328239440918,-0.0023478051453280305,0.003583483708216706,0.0004161179017388757,0.0044752269888364005,-0.00039162071816319056,-0.0008050089577800179,-0.0015047399504027892,-0.14385236678943003,0.23472924212541474,-0.006589485179199194,0.262627710275093,-0.020892210718298297,-0.030005982615569696,-0.07742510840278422
-0.0022981075237280307,-0.18141252629178328,0.00036976325493887573,-2.0808098330111635,-0.00040058013939319056,1.89947775104222,0.7838993270495972,-0.14385236678943003,0.23472924212541474,-0.006589485179199194,0.262627710275093,-0.020892210718298297,-0.030005982615569696,-0.07742510840278422,1.05461585521698,-35.48457717895508,-25.467172622680664,24.738155364990234,-9.226655960083008,6.562841415405273,-11.26927375793457,0.0004384582202838418,-0.00018643256932590613,-0.0036685330770748134,0.0020465774776012857,-0.0014499400433002694,0.0006665630353410723,-0.0017809999039969382,0.16157743181531578,-0.3450722649519066,-0.18510720444785375,-0.16457590674316747,-0.05521496851661955,0.061692394713727616,-0.013381483894148644
4.96976216e-05,-0.18499601,-4.63546468e-05,-2.08528506,-8.95942123e-06,1.90028276,0.785404067,0.0,0.0,0.0,0.0,0.0,0.0,0.0,69.02762603759766,-24.358659744262695,-39.965606689453125,-78.62815856933594,-7.847339630126953,5.282753944396973,-3.9895384311676025,0.009594613035148265,-0.00432541006633852,-0.007663176095253175,-0.00928520996366533,-0.0010918145829492945,0.0016000932865760653,-0.00040599100510152475,0.5041827465541764,-0.24971454570759025,-0.36524820942344466,-0.5731008204390261,-0.059705045371381146,0.05447931701306013,-0.02657853767838868
0.009644310656748265,-0.1893214200663385,-0.007709530742053175,-2.0945702699636652,-0.0011007740041792946,1.9018828532865761,0.7849980759948985,0.5041827465541764,-0.24971454570759025,-0.36524820942344466,-0.5731008204390261,-0.059705045371381146,0.05447931701306013,-0.02657853767838868,28.57370948791504,-19.92103385925293,10.853075981140137,-24.3399715423584,8.989885330200195,5.863098621368408,-8.61708927154541,0.003322487567295562,-0.00256530922068815,0.00025302304976154277,-0.005963883388396596,0.0012774759295002519,0.00042541353365432855,-0.001280830879376249,-0.3201658387232759,0.13689388453342466,0.40352040435499775,0.34285446350367393,0.13097335381862418,-0.016948090859325228,-0.03715548462144937
4.96976216e-05,-0.18499601,-4.63546468e-05,-2.08528506,-8.95942123e-06,1.90028276,0.785404067,0.0,0.0,0.0,0.0,0.0,0.0,0.0,22.823165893554688,55.14155197143555,-82.36628723144531,1.2377082109451294,1.4659810066223145,-6.6975507736206055,8.349114418029785,0.006839615587945102,0.003951205050768375,-0.009437536280640499,0.00203577508116215,9.371365611544408e-05,-0.0006922456703684077,0.0009794978779337216,0.2941474758215837,0.28325536787244254,-0.531976090065934,0.09837487248111486,0.01208140946686291,-0.03450996286158046,0.05393236151572818
0.006889313209545102,-0.1810448049492316,-0.009483890927440498,-2.0832492849188378,8.475423488544408e-05,1.8995905143296317,0.7863835648779337,0.2941474758215837,0.28325536787244254,-0.531976090065934,0.09837487248111486,0.01208140946686291,-0.03450996286158046,0.05393236151572818,-81.55036163330078,0.5893442034721375,-84.42359924316406,-67.9056396484375,6.071467876434326,-4.802388668060303,-0.15855102241039276,-0.006378877470207576,0.00038817485043760036,-0.0063686935799948455,-0.007853364878636526,0.001020267325723947,2.045994379873406e-05,-0.0007045586229421641,-0.720904265681928,-0.31129043897934444,0.10273428841054766,-0.6010413945365594,0.031825057646039746,0.0065623031496244155,-0.07962693058672748
4.96976216e-05,-0.18499601,-4.63546468e-05,-2.08528506,-8.95942123e-06,1.90028276,0.785404067,0.0,0.0,0.0,0.0,0.0,0.0,0.0,79.74610137939453,-13.006471633911133,-42.025325775146484,18.809682846069336,-0.4491429030895233,-7.091402530670166,4.310629367828369,0.01096632607288577,-0.00029140003725539043,-0.008320006949889528,0.0016706881080557068,-0.00019868875521718055,-0.001345354237955565,0.0008720736722026556,0.5785420723429335,-0.037353247506372006,-0.39290471214262995,0.10851184079256937,-0.003741206939581804,-0.0652934379265828,0.0401430349730162
0.01101602369448577,-0.18528741003725538,-0.008366361596689527,-2.083614371891944,-0.00020764817644718054,1.8989374057620445,0.7862761406722026,0.5785420723429335,-0.037353247506372006,-0.39290471214262995,0.10851184079256937,-0.003741206939581804,-0.0652934379265828,0.0401430349730162,-29.18206787109375,-17.5618953704834,-67.48960876464844,36.255470275878906,-2.034954309463501,-7.312602519989014,0.9206832051277161,0.0012242051250211366,-0.00098482968301572,-0.0044532983003408005,0.004107357561335068,-0.00035417815418380436,-0.0015208361699130535,-0.0004417477197983244,-0.6130749401168776,-0.033012740128956886,0.0724036777740068,0.13093353418230355,-0.017631805280995002,-0.003158168630885874,-0.05465913544218849
4.96976216e-05,-0.18499601,-4.63546468e-05,-2.08528506,-8.95942123e-06,1.90028276,0.785404067,0.0,0.0,0.0,0.0,0.0,0.0,0.0,56.12785339355469,-79.50209045410156,22.144147872924805,-26.002307891845703,11.63400650024414,-7.5881781578063965,5.820034980773926,0.00500329710914161,-0.006561891479306914,-0.0006400234881776077,-0.005347943973792901,0.0017187144155005934,-0.0012488677024542483,0.0012285029324108354,0.31346578791791935,-0.45209379817688466,0.032658400548048444,-0.3010993691622166,0.09265798046629513,-0.07966086184655011,0.06067087853962774
0.00505299473074161,-0.1915579014793069,-0.0006863781349776077,-2.090633003973793,0.0017097549942705933,1.8990338922975458,0.7866325699324108,0.31346578791791935,-0.45209379817688466,0.032658400548048444,-0.3010993691622166,0.09265798046629513,-0.07966086184655011,0.06067087853962774,-6.102853775024414,42.701805114746094,27.071184158325195,-38.843746185302734,9.88947868347168,-0.3908352553844452,5.041325569152832,0.00015778751628011366,-0.0018845528130238265,0.005311497782099601,-0.002908598714972843,0.0017083787903649926,0.00040184037782187154,0.0007070416873862229,-0.3240643472271116,0.5157545520284555,0.2195661719830461,0.15050378128411346,-0.010674942532999457,0.10984419444989367,-0.02431167966582333
4.96976216e-05,-0.18499601,-4.63546468e-05,-2.08528506,-8.95942123e-06,1.90028276,0.785404067,0.0,0.0,0.0,0.0,0.0,0.0,0.0,12.310172080993652,-28.9610538482666,-57.280517578125,-5.399241924285889,6.41178560256958,9.681565284729004,-2.79870343208313,0.004255700657813675,-0.002219121610832153,-0.00644096111401156,-0.0017055214080423653,0.0008523187513426754,0.0013375468299490212,-0.0006502153272799349,0.17784279075955578,-0.15611366218801911,-0.3667758609845448,-0.08704556949675984,0.047862212938762916,0.06765804546885931,-0.031182187739606407
0.004305398279413676,-0.18721513161083214,-0.00648731576081156,-2.0869905814080423,0.0008433593301126754,1.901620306829949,0.78475385167272,0.17784279075955578,-0.15611366218801911,-0.3667758609845448,-0.08704556949675984,0.047862212938762916,0.06765804546885931,-0.031182187739606407,21.818185806274414,54.13460159301758,-28.0200138092041,-64.15106964111328,-0.1418064832687378,11.652620315551758,-9.988182067871094,0.0025686006325615794,0.000417014985293257,-0.005509681872960637,-0.004978399495561003,0.0002426558467060046,0.002875201460046828,-0.0014268594547314217,-0.03518067141314485,0.29740644270115185,0.1090525775928407,-0.24170110913349996,-0.04286831284289878,0.0640898752064136,-0.044401422551917494
4.96976216e-05,-0.18499601,-4.63546468e-05,-2.08528506,-8.95942123e-06,1.90028276,0.785404067,0.0,0.0,0.0,0.0,0.0,0.0,0.0,84.0891342163086,62.038665771484375,-75.42288970947266,-23.046367645263672,4.458056926727295,5.90922212600708,0.5115532875061035,0.013185552049510918,0.0037559128491258253,-0.011930715622218245,-0.0004694847624433507,0.0006140115375315176,0.0015094530081050106,0.0001543942458577252,0.6665068581240577,0.2865208247905272,-0.601539422549125,-0.05784757995274327,0.03935182230319616,0.07360617491506544,0.004133321430831639
0.013235249671110918,-0.18124009715087416,-0.011977070269018245,-2.0857545447624433,0.0006050521163015176,1.901792213008105,0.7855584612458577,0.6665068581240577,0.2865208247905272,-0.601539422549125,-0.05784757995274327,0.03935182230319616,0.07360617491506544,0.004133321430831639,35.88266372680664,31.702791213989258,-34.83361053466797,-15.617883682250977,-3.2373106479644775,-1.796372890472412,-4.771468639373779,0.0058707919485012985,0.005062496856832549,-0.005433806828995441,-0.0020446454007809756,-0.0003305298774266917,-9.394532079776141e-05,-0.0007460069222674504,-0.37866640168441684,-0.03929622548667769,0.3308245434712244,-0.05980819691332652,-0.06510754154119941,-0.08615441282779594,-0.04237159022109303
4.96976216e-05,-0.18499601,-4.63546468e-05,-2.08528506,-8.95942123e-06,1.90028276,0.785404067,0.0,0.0,0.0,0.0,0.0,0.0,0.0,52.938045501708984,23.95938491821289,-56.43035888671875,-46.95654296875,8.299135208129883,6.99402379989624,-9.92788314819336,0.00868345397876273,0.00020936796456663687,-0.008474452368173296,-0.004335437810764731,0.0012580406221753514,0.001744426648148778,-0.0015009424948054795,0.43316860249444905,0.05143123998921733,-0.4348079088755569,-0.2821440720333328,0.06830926098925774,0.07565997031904592,-0.08012831841123924
0.00873315160036273,-0.18478664203543335,-0.008520807014973295,-2.0896204978107646,0.0012490812009453513,1.9020271866481488,0.7839031245051945,0.43316860249444905,0.05143123998921733,-0.4348079088755569,-0.2821440720333328,0.06830926098925774,0.07565997031904592,-0.08012831841123924,-28.943885803222656,81.14500427246094,-32.00646209716797,-15.55400276184082,-0.11082465201616287,11.904906272888184,2.1000099182128906,-0.0015805226804962097,0.007032397636298787,-0.002015721898016685,-0.0010169504600598955,0.00010508272321001948,0.0020364660768816822,-7.622784923622117e-05,-0.5623964287824921,0.4174855225212418,0.2898072452609324,0.25620442748683503,-0.06858824210052,0.03882714673243769,0.08608646225305025
4.96976216e-05,-0.18499601,-4.63546468e-05,-2.08528506,-8.95942123e-06,1.90028276,0.785404067,0.0,0.0,0.0,0.0,0.0,0.0,0.0,-26.874752044677734,-47.26865005493164,17.779111862182617,12.59912395477295,-1.9728928804397583,0.222734734416008,-1.2423820495605469,-0.003923743255571505,-0.0029914919613021895,0.0031516716926781934,-0.00023666581730674707,-0.00030746714730355,-0.00038786091197651196,-0.00024475494380571394,-0.20381000426774074,-0.2247903247595254,0.15258626290105096,0.009395889857170627,-0.01830649405702934,-0.017582030976559155,-0.011303667076809572
-0.003874045633971505,-0.18798750196130218,0.0031053170458781934,-2.0855217258173067,-0.00031642656853355,1.8998948990880236,0.7851593120561943,-0.20381000426774074,-0.2247903247595254,0.15258626290105096,0.009395889857170627,-0.01830649405702934,-0.017582030976559155,-0.011303667076809572,-69.67012023925781,-15.794872283935547,-4.998496055603027,-48.04338836669922,-0.8636084198951721,1.7204748392105103,-6.020114421844482,-0.007729370768742716,-0.005290630155224435,0.002818469749374001,-0.004745075385948816,-7.641470083359538e-05,0.000895933183433506,-0.0012751072298566868,-0.2367712416503979,-0.016976840831190443,-0.06923001735277695,-0.3157057575974225,0.01126879301452725,0.048335080407910604,-0.04891559263932471
4.96976216e-05,-0.18499601,-4.63546468e-05,-2.08528506,-8.95942123e-06,1.90028276,0.785404067,0.0,0.0,0.0,0.0,0.0,0.0,0.0,-12.599173545837402,71.50143432617188,26.199769973754883,74.93877410888672,11.433366775512695,-11.658851623535156,-1.4389355182647705,-0.0026516756155200117,0.007597049602054429,0.0033832887980444074,0.010573704500671521,0.0016395047901604594,-0.0022300887401702774,-0.0001715106954329748,-0.12180816082866366,0.48709033383037836,0.1838847015681431,0.6277442557315471,0.09154721669666087,-0.08766226102537268,-0.008708314961642974
-0.002601977993920012,-0.17739896039794556,0.0033369341512444074,-2.0747113554993284,0.0016305453689304593,1.8980526712598298,0.785232556304567,-0.12180816082866366,0.48709033383037836,0.1838847015681431,0.6277442557315471,0.09154721669666087,-0.08766226102537268,-0.008708314961642974,58.70280838012695,78.9566650390625,69.98507690429688,40.84093475341797,-10.756009101867676,3.080946207046509,-10.954896926879883,0.003230324856095432,0.00988711513130583,0.004485306174565919,0.008974249715618665,-0.00128186587255944,0.0008982195483846489,-0.0009714351917302633,0.3786608979322559,0.03987764293800378,0.1437916569470393,-0.2305646599671498,-0.17101327541403766,0.12794243913097753,-0.05560057479223519
4.96976216e-05,-0.18499601,-4.63546468e-05,-2.08528506,-8.95942123e-06,1.90028276,0.785404067,0.0,0.0,0.0,0.0,0.0,0.0,0.0,-73.62699890136719,12.549814224243164,48.800453186035156,83.9838638305664,11.188919067382812,4.435039043426514,-8.797375679016113,-0.01062756519693315,0.003709678582794501,0.00874966462913527,0.009352324995165695,0.0016187413494710094,-0.0002926206623945493,-0.001495459744596861,-0.5508790210029174,0.20083296360040614,0.4251991814822734,0.5889289981356807,0.08554116335702862,0.01679460152855061,-0.07346249576465691
-0.01057786757533315,-0.1812863314172055,0.008703309982335272,-2.075932735004834,0.0016097819282410092,1.8999901393376055,0.7839086072554031,-0.5508790210029174,0.20083296360040614,0.4251991814822734,0.5889289981356807,0.08554116335702862,0.01679460152855061,-0.07346249576465691,50.955684661865234,77.54252624511719,35.5652961730957,-41.74702453613281,1.7348438501358032,-3.0243258476257324,6.661186695098877,0.003264996481505014,0.003938654140943687,0.0004939907699779179,0.001210697034408792,0.0005252833050020491,0.0012774317024291104,0.0014836334665515594,0.7947201634891525,0.08572179436712601,-0.32144533050932034,-0.6988902391151715,-0.06192184499487336,0.008302506622742616,0.14435031264458992
4.96976216e-05,-0.18499601,-4.63546468e-05,-2.08528506,-8.95942123e-06,1.90028276,0.785404067,0.0,0.0,0.0,0.0,0.0,0.0,0.0,10.948229789733887,-7.1907453536987305,-71.66431427001953,59.03032302856445,-7.562885284423828,-5.3140549659729,5.940651893615723,0.004936524892469798,0.0014160391535488204,-0.007762171022663492,0.006131596372834558,-0.0013548924235023967,-0.0015406151112686839,0.0006336927656616087,0.19789017977077197,0.05489472741521202,-0.4473995665698864,0.3894209065090428,-0.06453142036517727,-0.05999586140616254,0.03475171092489851
0.004986222514069798,-0.18357997084645117,-0.007808525669463492,-2.0791534636271654,-0.0013638518447323968,1.8987421448887314,0.7860377597656616,0.19789017977077197,0.05489472741521202,-0.4473995665698864,0.3894209065090428,-0.06453142036517727,-0.05999586140616254,0.03475171092489851,52.774044036865234,33.65461349487305,-51.017032623291016,62.34072494506836,-7.083914756774902,7.63106632232666,6.369731903076172,0.006793392583712063,0.003569721886643562,-0.009822844395983722,0.009941033032335067,-0.0011375317024738838,0.0010362776019421371,0.001168251275208032,0.1679067102826776,0.16546707675967803,-0.01691654847008839,0.12972193874743876,0.010055434196088467,0.12497112216943082,0.02167632349377977
4.96976216e-05,-0.18499601,-4.63546468e-05,-2.08528506,-8.95942123e-06,1.90028276,0.785404067,0.0,0.0,0.0,0.0,0.0,0.0,0.0,46.419376373291016,45.070404052734375,-82.09477233886719,44.088558197021484,1.027315616607666,9.551913261413574,-6.32675838470459,0.00935429434888745,0.0047758312287704,-0.010677158321908128,0.006099142196853702,-5.172436855233002e-06,0.0011352112191624908,-0.0010843943409926116,0.4400101630495956,0.30656575489205135,-0.5746424265445852,0.3686313038385483,0.007466508250565937,0.07847253281794293,-0.05814502581398268
0.00940399197048745,-0.1802201787712296,-0.010723512968708127,-2.079185917803146,-1.4131858085233001e-05,1.9014179712191626,0.7843196726590074,0.4400101630495956,0.30656575489205135,-0.5746424265445852,0.3686313038385483,0.007466508250565937,0.07847253281794293,-0.05814502581398268,-82.36226654052734,48.65291213989258,-48.472599029541016,-22.429508209228516,-2.4558298587799072,8.39565658569336,6.6366095542907715,-0.0075343260960824,0.004453814693871849,-0.0019227970246780222,0.00032162926485490573,-0.00022130910074969498,0.0022358940408866435,0.00031547821574628987,-0.9083421272370567,-0.06169879095086028,0.392148894460696,-0.45042406698246895,-0.028143588870962088,0.010493243968726154,0.09092036006358342
4.96976216e-05,-0.18499601,-4.63546468e-05,-2.08528506,-8.95942123e-06,1.90028276,0.785404067,0.0,0.0,0.0,0.0,0.0,0.0,0.0,77.93446350097656,29.8006649017334,-12.339400291442871,-60.654903411865234,11.927350997924805,-8.710001945495605,-7.324415683746338,0.009188798779512732,0.00012936204952410102,-0.0052852501658544986,-0.005389760795954768,0.0018781234237868116,-0.00037692251451448833,-0.0007795368416594339,0.5135442042095434,0.05732751921948391,-0.21387970065661394,-0.36019138507084814,0.10069157479999581,-0.04207290963753044,-0.04634527070946456
0.009238496401112732,-0.1848666479504759,-0.005331604812654499,-2.0906748207959547,0.0018691640025568115,1.8999058374854856,0.7846245301583405,0.5135442042095434,0.05732751921948391,-0.21387970065661394,-0.36019138507084814,0.10069157479999581,-0.04207290963753044,-0.04634527070946456,14.333797454833984,-58.78207015991211,-19.26589584350586,-52.088932037353516,-2.6085524559020996,-9.742985725402832,0.8833867907524109,0.004303859027518895,-0.003907092174520788,-0.0009311286386107067,-0.010065316163760052,-0.0002787594027720687,-0.0017968433728603461,-0.00011485940524602611,-0.3336252132182498,-0.35735704960437364,0.13462760047855393,-0.15034050420731648,-0.12564574114710597,-0.05550663996177568,0.04585668805240517
4.96976216e-05,-0.18499601,-4.63546468e-05,-2.08528506,-8.95942123e-06,1.90028276,0.785404067,0.0,0.0,0.0,0.0,0.0,0.0,0.0,29.14830207824707,-5.801908493041992,8.974257469177246,-77.88761138916016,8.261384963989258,8.466513633728027,-2.396219491958618,0.0027090919739135256,-0.0029470112686858507,-0.0006302932184180252,-0.008637365099272376,0.0013731238264368423,0.0021685735925009997,-0.00019537913567024834,0.16710128121992218,-0.1503821197884474,0.0003798446101634118,-0.5390323387270614,0.06955982100841439,0.0856703866362107,-0.011757961130208447
0.0027587895955135254,-0.18794302126868584,-0.0006766478652180252,-2.0939224250992723,0.0013641644052068422,1.902451333592501,0.7852086878643297,0.16710128121992218,-0.1503821197884474,0.0003798446101634118,-0.5390323387270614,0.06955982100841439,0.0856703866362107,-0.011757961130208447,5.712612628936768,71.68470764160156,-18.50929069519043,-50.60053634643555,2.4080374240875244,-5.3894877433776855,-6.55918550491333,0.0026662435269210936,0.003987171823249092,-0.0010777555927966214,-0.005700344120789236,0.00046357070833394375,-0.0003804993282692237,-0.0011330264447918514,-0.06095485149191193,0.49107192525793386,-0.0831726685440312,0.2674912627570126,-0.048265165942454766,-0.1012158489635705,-0.046634278253949675
4.96976216e-05,-0.18499601,-4.63546468e-05,-2.08528506,-8.95942123e-06,1.90028276,0.785404067,0.0,0.0,0.0,0.0,0.0,0.0,0.0,-11.769061088562012,2.642871379852295,-31.85387420654297,-68.88348388671875,-2.580521583557129,-7.403265476226807,-5.023197650909424,0.0002888958850544259,-0.0021904370576551757,-0.002681270500573916,-0.007214124544418166,-0.0002938800984387673,-0.0002448468905615897,-0.0009677559258162161,-0.019634534172152267,-0.10114460024778173,-0.1730184252508302,-0.4610752197755707,-0.019520226206401734,-0.038819914830770144,-0.04788974463618889
0.0003385935066544259,-0.18718644705765516,-0.002727625147373916,-2.092499184544418,-0.0003028395196687673,1.9000379131094385,0.7844363110741838,-0.019634534172152267,-0.10114460024778173,-0.1730184252508302,-0.4610752197755707,-0.019520226206401734,-0.038819914830770144,-0.04788974463618889,16.722238540649414,83.19850158691406,-54.0257568359375,64.76527404785156,4.102938175201416,-9.549221992492676,-6.722615718841553,0.0034936354442443186,0.008973561448781558,-0.007593161348292429,0.007186554796541067,0.00037869778800706005,-0.0024151798934126667,-0.0011063496817840246,0.18370121497574418,0.6921640536798153,-0.22217055146393402,0.9890701944701872,0.052044833916702365,-0.03743433237494834,-0.008864178460482722
4.96976216e-05,-0.18499601,-4.63546468e-05,-2.08528506,-8.95942123e-06,1.90028276,0.785404067,0.0,0.0,0.0,0.0,0.0,0.0,0.0,-69.67162322998047,-39.13629150390625,-51.887718200683594,-70.8760986328125,0.1958351880311966,10.410144805908203,1.6294585466384888,-0.00507518412244079,-0.005219629300593054,-0.001724126196658844,-0.009076361977407021,4.8055912673200205e-05,0.002178051289396077,-0.0003932249197747817,-0.35118046276289006,-0.3174133813463078,-0.19126442182019723,-0.5472815148920488,-0.002399901075738595,0.08774817931028292,-0.009752269751997276
-0.00502548650084079,-0.19021563930059304,-0.001770480843458844,-2.094361421977407,3.909649144320021e-05,1.9024608112893961,0.7850108420802252,-0.35118046276289006,-0.3174133813463078,-0.19126442182019723,-0.5472815148920488,-0.002399901075738595,0.08774817931028292,-0.009752269751997276,-27.819843292236328,58.18238830566406,-15.85328483581543,14.565072059631348,10.732526779174805,0.9505881667137146,9.782111167907715,-0.005477300801976344,0.0034847727591508504,-0.003641572464918444,0.0013821218472220842,0.0014755188934466373,-0.00019736917707691148,0.001571429977901606,0.09646303818186652,0.6403363588883131,0.030227359967231082,0.7259412604670651,0.09014877610562065,-0.06902403222458993,0.09152101508375174
